,DIA,SEMANA,MÃŠS,SE/CO Incentivada A+1,SE/CO Incentivada A+2,SE/CO Incentivada A+3,SE/CO Incentivada A+4,Sul Incentivada A+1,Sul Incentivada A+2,Sul Incentivada A+3,Sul Incentivada A+4,Nordeste Incentivada A+1,Nordeste Incentivada A+2,Nordeste Incentivada A+3,Nordeste Incentivada A+4,Norte Incentivada A+1,Norte Incentivada A+2,Norte Incentivada A+3,Norte Incentivada A+4
0,2012-01-02,s01 , 01/2012,113.5,123.0,124.5,124.5,197.84,213.45,216.45,216.45,194.89,210.28,213.57,213.78,187.73,205.1,208.31,208.5
1,2012-01-09,s02 , 01/2012,116.5,123.5,126.5,126.5,198.38,212.08,218.08,218.09,195.47,208.95,215.31,215.46,187.92,203.36,209.71,209.85
2,2012-01-16,s03 , 01/2012,123.5,129.0,130.5,130.5,203.88,217.01,221.01,221.01,200.85,213.99,218.35,218.46,193.09,207.79,212.07,212.21
3,2012-01-23,s04 , 01/2012,117.0,125.0,126.5,126.0,196.84,213.05,216.05,215.04,193.83,210.0,213.35,212.37,187.06,204.57,207.86,206.94
4,2012-01-30,s05 , 01/2012,112.0,119.0,120.0,120.0,191.9,206.58,208.58,208.58,189.15,203.96,206.2,206.23,181.91,198.08,200.27,200.37
5,2012-02-06,s06 , 02/2012,109.5,119.0,119.0,119.0,188.31,206.4,206.9,206.9,185.3,203.81,204.63,204.65,178.5,197.89,198.64,198.7
6,2012-02-13,s07 , 02/2012,111.5,118.0,119.0,119.0,190.26,204.85,207.85,207.84,187.0,202.16,205.5,205.56,179.59,195.81,199.02,199.14
7,2012-02-20,s08 , 02/2012,114.0,119.5,119.5,120.0,195.71,207.81,207.83,208.82,192.83,205.12,205.41,206.46,184.88,198.46,198.74,199.76
8,2012-02-27,s09 , 02/2012,121.0,126.5,128.0,129.0,208.64,219.81,222.81,224.81,205.36,217.4,220.75,222.77,196.65,210.35,213.61,215.69
9,2012-03-05,s10 , 03/2012,139.5,136.5,136.0,136.5,243.75,238.36,237.36,238.36,240.58,235.84,235.12,236.18,231.53,229.04,228.28,229.41
10,2012-03-12,s11 , 03/2012,140.0,139.0,138.5,139.5,245.25,244.83,243.83,244.33,241.89,242.16,241.48,242.01,233.14,235.36,234.56,235.19
11,2012-03-19,s12 , 03/2012,140.0,138.5,138.5,139.5,246.16,244.35,243.85,244.85,242.72,241.64,241.46,242.51,234.17,234.72,234.47,235.61
12,2012-03-26,s13 , 03/2012,137.0,137.0,136.0,136.0,244.21,244.37,242.87,242.87,241.26,241.83,240.6,240.68,231.94,233.94,232.66,232.75
13,2012-04-02,s14 , 04/2012,138.0,136.5,136.0,136.0,243.27,242.4,240.9,240.9,240.53,240.05,238.84,238.91,230.88,232.61,231.39,231.5
14,2012-04-09,s15 , 04/2012,136.0,134.5,135.5,135.5,240.85,237.94,239.44,239.44,237.4,234.91,236.68,236.77,229.18,228.51,230.28,230.38
15,2012-04-16,s16 , 04/2012,137.0,136.0,136.5,136.5,241.2,239.56,240.57,240.57,237.71,236.72,238.0,238.11,228.99,229.16,230.44,230.54
16,2012-04-23,s17 , 04/2012,137.0,135.0,134.5,134.5,239.9,238.57,237.57,237.57,236.26,235.69,235.0,235.02,227.47,228.22,227.5,227.53
17,2012-04-30,s18 , 04/2012,133.5,133.5,133.0,133.0,235.32,236.03,235.03,235.03,232.01,232.83,232.12,232.19,223.08,225.91,225.19,225.26
18,2012-05-07,s19 , 05/2012,134.0,131.5,131.5,131.5,233.29,231.39,231.39,231.39,229.55,228.23,228.5,228.6,220.6,221.29,221.49,221.62
19,2012-05-14,s20 , 05/2012,133.0,131.0,131.0,130.5,232.37,229.39,229.39,228.89,228.76,226.58,226.83,226.36,220.23,219.26,219.43,219.01
20,2012-05-21,s21 , 05/2012,135.5,132.5,132.5,131.5,236.96,233.6,233.6,232.1,232.42,229.95,230.23,228.75,224.3,223.05,223.25,221.82
21,2012-05-28,s22 , 05/2012,137.5,136.0,136.0,135.5,241.49,239.02,239.11,238.41,236.83,234.96,235.27,234.64,229.18,228.82,229.1,228.47
22,2012-06-04,s23 , 06/2012,137.0,134.5,132.5,132.5,237.96,235.02,232.82,232.81,232.99,230.62,228.59,228.66,225.48,224.8,222.79,222.87
23,2012-06-11,s24 , 06/2012,133.5,132.75,132.25,131.0,231.8,230.04,229.37,228.12,227.08,225.92,225.44,224.26,219.39,219.97,219.48,218.31
24,2012-06-18,s25 , 06/2012,132.4,130.6,130.4,130.2,227.7,224.95,223.55,223.34,222.29,220.71,219.49,219.41,214.97,214.85,213.62,213.51
25,2012-06-25,s26 , 06/2012,128.29,129.57,129.43,129.29,219.26,223.98,223.69,223.55,213.54,219.34,219.24,219.24,206.81,214.05,213.93,213.87
26,2012-07-02,s27 , 07/2012,126.3,126.6,126.7,126.7,215.73,218.8,218.9,218.79,209.57,213.93,214.27,214.27,202.59,208.75,208.97,208.97
27,2012-07-09,s28 , 07/2012,125.38,125.5,126.25,126.13,215.8,218.17,220.01,219.17,209.03,212.97,215.01,214.35,202.66,207.79,209.78,209.13
28,2012-07-16,s29 , 07/2012,129.11,129.44,129.44,129.44,220.51,222.93,223.14,223.36,213.95,217.94,218.36,218.73,207.39,212.68,213.04,213.44
29,2012-07-23,s30 , 07/2012,128.67,128.33,128.33,128.33,219.87,219.7,219.93,219.93,213.73,214.93,215.32,215.45,206.66,209.38,209.78,209.86
30,2012-07-30,s31 , 07/2012,127.1,127.6,127.42,127.42,217.47,220.56,220.28,220.28,210.99,215.54,215.43,215.58,203.96,210.13,209.96,210.15
31,2012-08-06,s32 , 08/2012,129.0,128.5,129.0,129.0,222.15,222.24,222.9,222.9,215.65,217.45,218.38,218.49,208.23,211.75,212.65,212.75
32,2012-08-13,s33 , 08/2012,129.5,129.65,129.41,129.41,222.87,223.97,223.11,223.14,216.29,218.79,218.15,218.31,208.74,213.34,212.74,212.86
33,2012-08-20,s34 , 08/2012,130.23,130.64,130.48,130.57,222.28,223.53,223.25,223.66,215.68,218.2,218.21,218.71,208.55,212.97,212.91,213.45
34,2012-08-27,s35 , 08/2012,131.2,130.58,130.75,130.33,225.64,223.98,224.51,223.42,218.51,218.41,219.28,218.23,211.5,213.4,214.24,213.27
35,2012-09-03,s36 , 09/2012,133.0,131.29,131.29,131.29,231.19,230.5,230.76,230.76,223.59,224.96,225.5,225.61,216.51,219.8,220.37,220.48
36,2012-09-10,s37 , 09/2012,133.42,131.83,131.74,131.74,234.7,233.14,233.21,232.8,228.19,228.0,228.22,227.91,223.1,223.77,223.99,223.63
37,2012-09-17,s38 , 09/2012,133.42,130.43,130.09,130.09,234.59,230.9,229.74,229.56,228.4,225.81,224.86,224.82,223.81,221.66,220.72,220.57
38,2012-09-24,s39 , 09/2012,129.33,129.0,129.83,130.17,232.41,230.56,231.19,231.53,226.3,225.34,226.26,226.7,221.31,221.83,222.71,223.17
39,2012-10-01,s40 , 10/2012,132.9,133.22,133.22,133.22,234.36,234.26,234.26,234.27,228.02,228.93,229.5,229.8,223.47,225.51,225.94,226.14
40,2012-10-08,s41 , 10/2012,132.46,128.67,128.5,128.5,236.15,229.38,229.12,229.12,229.88,224.08,224.56,224.73,225.32,220.77,221.07,221.26
41,2012-10-15,s42 , 10/2012,137.76,135.42,134.89,134.89,247.14,241.24,240.71,240.15,240.77,235.75,235.93,235.55,236.6,232.71,232.79,232.36
42,2012-10-22,s43 , 10/2012,136.05,135.53,135.32,135.32,243.87,241.32,241.11,241.11,238.31,236.46,236.93,236.99,233.05,232.54,232.83,232.84
43,2012-10-29,s44 , 10/2012,140.35,139.07,138.88,138.63,253.3,251.01,249.38,248.88,249.05,247.4,246.35,245.98,243.45,243.05,241.85,241.41
44,2012-11-05,s45 , 11/2012,143.88,142.19,141.41,140.24,255.03,254.29,252.28,250.46,251.3,250.93,249.32,247.59,244.49,245.66,244.11,242.43
45,2012-11-12,s46 , 11/2012,139.11,137.65,135.87,135.22,253.83,249.27,246.19,244.98,250.06,245.74,243.05,241.98,243.67,240.76,238.0,236.96
46,2012-11-19,s47 , 11/2012,139.0,134.67,134.41,134.28,253.27,244.94,242.18,241.42,249.78,241.61,239.15,238.54,243.27,236.43,233.99,233.38
47,2012-11-26,s48 , 11/2012,138.89,135.44,133.0,132.59,252.04,245.36,241.36,240.31,248.71,242.43,238.7,237.78,241.69,237.0,233.27,232.34
48,2012-12-03,s49 , 12/2012,134.57,132.8,128.67,128.33,246.71,243.14,237.72,236.8,243.29,240.13,234.94,234.26,236.07,234.35,229.19,228.45
49,2012-12-10,s50 , 12/2012,137.42,135.35,134.69,132.06,248.58,243.6,240.15,236.5,245.62,240.75,237.56,234.05,238.86,235.21,231.91,228.38
50,2012-12-17,s51 , 12/2012,140.52,135.29,132.64,131.14,254.49,243.68,237.93,236.6,251.7,241.02,235.47,234.25,244.61,235.38,229.83,228.57
51,2012-12-24,s52 , 12/2012,144.6,138.0,133.44,130.12,263.09,248.69,242.13,237.61,259.92,245.94,239.66,235.34,253.19,240.44,234.03,229.61
52,2012-12-31,s01 , 12/2012,145.6,138.25,132.81,131.88,267.32,251.97,243.62,241.69,264.37,248.8,240.74,239.02,257.21,243.62,235.48,233.74
53,2013-01-07,s02 , 01/2013,157.53,142.5,137.6,136.0,286.3,257.52,250.15,248.47,283.39,254.39,247.38,245.84,275.84,248.8,241.78,240.23
54,2013-01-14,s03 , 01/2013,156.0,144.71,139.57,137.43,277.3,258.43,249.02,244.77,274.27,255.41,246.36,242.22,266.52,249.21,240.08,235.97
55,2013-01-21,s04 , 01/2013,155.29,147.08,137.64,134.31,282.13,261.53,247.22,243.58,279.12,258.48,244.52,240.91,272.35,253.05,239.03,235.48
56,2013-01-28,s05 , 01/2013,153.75,145.47,138.69,136.72,280.09,258.88,248.45,244.04,277.34,256.26,246.07,241.69,270.1,250.38,240.14,235.83
57,2013-02-04,s06 , 02/2013,148.08,135.9,131.63,130.55,271.52,245.66,237.8,233.93,268.51,243.07,235.53,231.68,261.71,237.15,229.54,225.73
58,2013-02-11,s07 , 02/2013,146.0,134.38,126.88,124.38,268.59,243.85,231.27,228.57,265.33,241.16,228.92,226.29,257.92,234.81,222.44,219.87
59,2013-02-18,s08 , 02/2013,147.75,135.98,129.33,127.64,269.34,244.1,232.99,230.94,266.46,241.42,230.57,228.58,258.51,234.75,223.9,221.88
60,2013-02-25,s09 , 02/2013,156.56,140.43,133.29,130.46,284.02,255.44,240.75,235.71,280.74,253.03,238.69,233.67,272.03,245.98,231.55,226.59
61,2013-03-04,s10 , 03/2013,162.75,142.67,134.95,131.68,295.41,257.71,242.52,237.28,292.25,255.19,240.28,235.1,283.19,248.39,233.44,228.33
62,2013-03-11,s11 , 03/2013,163.89,143.53,135.56,133.11,301.97,259.09,243.77,239.94,298.61,256.42,241.42,237.62,289.87,249.62,234.5,230.8
63,2013-03-18,s12 , 03/2013,169.83,147.27,135.73,132.82,310.66,270.03,246.22,241.22,307.22,267.32,243.83,238.88,298.67,260.4,236.84,231.98
64,2013-03-25,s13 , 03/2013,173.43,148.05,136.36,133.45,318.6,270.44,247.75,241.05,315.65,267.9,245.48,238.86,306.33,260.0,237.54,230.93
65,2013-04-01,s14 , 04/2013,176.5,153.6,137.2,134.84,326.22,279.97,251.81,246.71,323.48,277.62,249.75,244.72,313.83,270.18,242.3,237.31
66,2013-04-08,s15 , 04/2013,176.56,151.46,139.33,135.17,323.34,274.4,253.27,246.82,319.89,271.37,250.51,244.15,311.67,264.97,244.11,237.76
67,2013-04-15,s16 , 04/2013,176.69,154.04,141.38,136.24,321.41,279.1,255.38,245.23,317.92,276.26,252.81,242.77,309.2,268.7,245.25,235.2
68,2013-04-22,s17 , 04/2013,176.36,153.47,139.31,134.18,320.67,279.54,252.57,242.35,317.03,276.66,250.0,239.8,308.24,269.19,242.5,232.31
69,2013-04-29,s18 , 04/2013,179.92,156.08,141.92,134.77,326.95,283.62,255.26,244.03,323.64,280.42,252.35,241.19,314.71,273.5,245.42,234.26
70,2013-05-06,s19 , 05/2013,182.94,155.0,144.25,135.99,334.88,284.96,259.1,246.7,331.14,281.8,256.21,243.91,322.19,274.86,249.2,236.93
71,2013-05-13,s20 , 05/2013,188.23,160.06,145.89,139.85,344.63,289.89,261.91,251.74,341.02,287.08,259.35,249.21,332.49,279.76,251.95,241.86
72,2013-05-20,s21 , 05/2013,188.48,158.68,145.33,139.61,343.04,287.85,261.2,250.01,338.51,284.2,257.83,246.66,330.38,277.3,250.85,239.73
73,2013-05-27,s22 , 05/2013,188.24,160.93,144.64,141.47,343.16,291.18,261.35,252.19,338.51,287.11,257.51,248.42,330.85,280.97,251.34,242.25
74,2013-06-03,s23 , 06/2013,185.64,159.52,145.31,139.18,339.06,290.34,262.37,250.92,334.09,285.94,258.14,246.77,326.58,280.12,252.34,240.98
75,2013-06-10,s24 , 06/2013,183.11,160.0,146.58,140.04,333.36,290.07,262.5,250.34,328.64,285.95,258.57,246.48,320.95,280.0,252.61,240.53
76,2013-06-17,s25 , 06/2013,181.61,159.69,146.34,139.88,330.65,289.54,261.03,250.15,325.24,285.3,256.97,246.22,317.92,279.44,251.1,240.32
77,2013-06-24,s26 , 06/2013,177.61,159.42,144.97,139.83,323.44,288.99,259.84,250.07,317.72,284.35,255.39,245.76,310.99,279.05,250.08,240.39
78,2013-07-01,s27 , 07/2013,175.04,160.1,143.0,139.07,316.64,289.28,257.43,249.13,310.48,284.41,252.8,244.61,303.5,279.23,247.5,239.31
79,2013-07-08,s28 , 07/2013,173.74,158.8,143.97,137.84,316.91,289.19,259.24,248.76,310.14,283.99,254.24,243.94,303.77,278.81,249.01,238.72
80,2013-07-15,s29 , 07/2013,176.08,160.3,143.3,138.52,319.21,289.94,258.51,248.93,312.65,284.95,253.73,244.3,306.09,279.69,248.41,239.01
81,2013-07-22,s30 , 07/2013,174.99,161.09,145.32,139.6,317.29,291.44,260.86,250.4,311.15,286.67,256.25,245.92,304.08,281.12,250.71,240.33
82,2013-07-29,s31 , 07/2013,175.7,160.52,145.33,140.17,319.36,291.17,261.43,250.76,312.88,286.15,256.58,246.06,305.85,280.74,251.11,240.63
83,2013-08-05,s32 , 08/2013,179.85,160.9,145.46,142.02,325.84,293.46,261.85,253.91,319.34,288.67,257.34,249.5,311.92,282.97,251.6,243.76
84,2013-08-12,s33 , 08/2013,179.71,161.67,147.05,143.25,327.35,293.31,264.13,256.11,320.77,288.13,259.17,251.28,313.22,282.68,253.76,245.83
85,2013-08-19,s34 , 08/2013,181.89,163.34,147.61,143.38,330.65,296.88,265.54,256.85,324.05,291.56,260.5,251.9,316.92,286.32,255.2,246.64
86,2013-08-26,s35 , 08/2013,181.04,163.5,148.08,144.35,329.79,296.23,265.64,257.1,322.66,290.65,260.41,251.91,315.65,285.65,255.37,246.95
87,2013-09-02,s36 , 09/2013,163.28,147.02,144.09,141.48,296.31,264.91,258.9,252.32,288.71,259.38,253.64,247.17,281.63,254.21,248.51,242.04
88,2013-09-09,s37 , 09/2013,162.76,147.75,144.64,140.56,295.05,265.32,257.47,249.92,288.54,260.18,252.48,245.03,283.45,255.95,248.25,240.75
89,2013-09-16,s38 , 09/2013,160.2,147.05,142.76,139.75,292.29,264.34,255.18,250.14,286.1,259.25,250.3,245.4,281.51,255.1,246.16,241.15
90,2013-09-23,s39 , 09/2013,159.94,147.16,141.88,139.33,291.91,264.75,254.38,249.77,285.8,259.54,249.46,244.94,280.81,256.03,245.91,241.41
91,2013-09-30,s40 , 09/2013,159.37,148.04,142.46,139.06,290.62,265.74,254.6,248.56,284.28,260.41,249.84,244.09,279.73,256.99,246.27,240.43
92,2013-10-07,s41 , 10/2013,160.5,148.39,143.35,139.9,291.92,266.48,255.74,249.9,285.66,261.17,251.18,245.51,281.1,257.87,247.69,242.04
93,2013-10-14,s42 , 10/2013,159.79,147.7,143.41,139.15,291.35,264.38,256.38,249.2,284.98,258.89,251.6,244.6,280.81,255.85,248.46,241.41
94,2013-10-21,s43 , 10/2013,161.37,146.35,142.86,138.78,293.34,263.07,255.38,249.11,287.78,258.21,251.2,244.99,282.52,254.29,247.1,240.84
95,2013-10-28,s44 , 10/2013,162.33,148.18,143.29,139.84,296.05,265.52,256.7,250.62,291.8,261.91,253.67,247.72,286.2,257.56,249.17,243.15
96,2013-11-04,s45 , 11/2013,163.38,148.67,143.54,140.77,297.06,266.95,257.0,251.82,293.33,263.59,254.04,248.95,286.52,258.32,248.83,243.79
97,2013-11-11,s46 , 11/2013,165.63,149.4,143.38,139.93,300.67,268.01,257.33,250.82,296.9,264.48,254.19,247.82,290.51,259.49,249.14,242.8
98,2013-11-18,s47 , 11/2013,167.87,149.75,144.62,141.24,304.36,269.87,260.07,253.43,300.87,266.54,257.04,250.55,294.36,261.36,251.88,245.39
99,2013-11-25,s48 , 11/2013,168.88,150.48,145.0,141.17,305.55,271.14,260.25,253.44,302.22,268.21,257.59,250.91,295.2,262.78,252.16,245.47
100,2013-12-02,s49 , 12/2013,167.44,151.3,145.17,142.0,304.4,272.54,260.24,254.31,300.98,269.53,257.46,251.77,293.76,263.74,251.71,245.96
101,2013-12-09,s50 , 12/2013,166.58,150.81,145.04,141.62,302.71,271.56,260.55,253.55,299.75,268.7,257.96,251.1,292.99,263.16,252.31,245.43
102,2013-12-16,s51 , 12/2013,167.86,151.82,145.05,141.95,304.62,273.29,260.36,254.19,301.83,270.63,257.9,251.84,294.74,264.99,252.26,246.16
103,2013-12-23,s52 , 12/2013,168.14,151.56,144.0,141.85,305.83,272.14,258.72,253.8,302.66,269.39,256.25,251.53,295.93,263.89,250.62,245.8
104,2013-12-30,s01 , 12/2013,166.7,151.33,143.7,140.18,304.14,272.01,257.98,252.31,301.19,268.84,255.1,249.64,294.03,263.66,249.84,244.36
105,2014-01-06,s02 , 01/2014,169.9,152.79,146.21,142.14,309.6,275.17,262.11,255.05,306.69,272.04,259.34,252.42,299.14,266.45,253.74,246.81
106,2014-01-13,s03 , 01/2014,175.3,154.56,146.51,143.13,319.71,279.85,263.67,256.91,316.69,276.83,261.01,254.36,308.93,270.63,254.73,248.11
107,2014-01-20,s04 , 01/2014,178.6,157.37,148.59,144.36,327.07,284.38,267.54,259.3,324.06,281.33,264.84,256.63,317.29,275.9,259.35,251.2
108,2014-01-27,s05 , 01/2014,187.78,162.36,149.88,144.54,346.22,294.55,270.02,259.73,343.47,291.93,267.64,257.38,336.23,286.05,261.71,251.52
109,2014-02-03,s06 , 02/2014,193.81,166.33,151.69,144.77,359.78,301.9,273.36,260.39,356.77,299.31,271.09,258.14,349.97,293.39,265.1,252.19
110,2014-02-10,s07 , 02/2014,196.37,165.17,151.29,144.62,366.65,301.41,272.78,260.51,363.39,298.72,270.43,258.23,355.98,292.37,263.95,251.81
111,2014-02-17,s08 , 02/2014,202.49,167.91,151.5,144.25,376.39,305.28,274.16,261.07,373.51,302.59,271.74,258.71,365.56,295.92,265.07,252.01
112,2014-02-24,s09 , 02/2014,206.17,168.15,152.68,144.7,388.08,306.78,275.15,261.91,384.81,304.37,273.09,259.87,376.09,297.32,265.95,252.79
113,2014-03-03,s10 , 03/2014,210.52,169.33,151.4,143.99,397.78,309.13,273.87,261.37,394.61,306.61,271.63,259.19,385.56,299.81,264.79,252.42
114,2014-03-10,s11 , 03/2014,220.08,169.67,152.22,145.34,415.46,309.14,275.88,262.38,412.1,306.47,273.53,260.06,403.36,299.67,266.61,253.24
115,2014-03-17,s12 , 03/2014,227.9,170.29,153.74,146.3,427.73,311.4,279.09,265.73,424.29,308.69,276.7,263.39,415.74,301.77,269.71,256.49
116,2014-03-24,s13 , 03/2014,239.98,170.84,154.45,145.98,449.99,313.57,280.55,265.89,447.04,311.03,278.28,263.7,437.72,303.14,270.34,255.78
117,2014-03-31,s14 , 03/2014,246.31,173.24,156.89,149.26,461.72,318.02,285.16,270.32,458.98,315.67,283.1,268.33,449.33,308.23,275.65,260.92
118,2014-04-07,s15 , 04/2014,262.72,176.88,160.22,150.41,496.84,324.91,291.44,273.44,493.39,321.89,288.68,270.77,485.17,315.49,282.28,264.38
119,2014-04-14,s16 , 04/2014,287.17,180.63,163.44,152.2,543.55,332.88,299.11,275.81,540.06,330.04,296.54,273.35,531.34,322.48,288.98,265.78
120,2014-04-21,s17 , 04/2014,299.51,183.33,164.79,152.47,576.79,339.94,301.74,276.25,573.15,337.06,299.17,273.7,564.36,329.59,291.67,266.21
121,2014-04-28,s18 , 04/2014,308.68,184.56,165.91,152.87,594.76,346.49,305.4,278.33,591.45,343.29,302.49,275.49,582.52,336.37,295.57,268.56
122,2014-05-05,s19 , 05/2014,315.18,190.58,168.25,155.81,607.79,353.97,308.48,282.83,604.05,350.82,305.59,280.04,595.1,343.87,298.58,273.06
123,2014-05-12,s20 , 05/2014,325.43,193.32,168.62,156.36,627.04,359.03,310.52,285.41,623.43,356.21,307.96,282.88,614.9,348.9,300.56,275.53
124,2014-05-19,s21 , 05/2014,331.12,203.1,171.1,157.88,645.07,378.11,316.53,288.89,640.54,374.46,313.16,285.54,632.41,367.56,306.18,278.61
125,2014-05-26,s22 , 05/2014,343.82,202.81,171.11,157.38,664.63,379.66,317.27,288.37,659.97,375.6,313.43,284.6,652.32,369.46,307.26,278.43
126,2014-06-02,s23 , 06/2014,357.37,204.81,172.49,157.03,682.38,383.32,317.98,288.49,677.41,378.92,313.75,284.33,669.9,373.1,307.95,278.54
127,2014-06-09,s24 , 06/2014,349.4,202.35,169.46,153.59,672.8,380.26,314.58,284.0,668.08,376.14,310.65,280.14,660.39,370.19,304.69,274.19
128,2014-06-16,s25 , 06/2014,360.44,203.5,172.34,155.87,702.2,382.72,321.16,288.88,696.79,378.48,317.1,284.95,689.47,372.62,311.23,279.05
129,2014-06-23,s26 , 06/2014,366.58,202.95,173.15,156.16,712.43,382.23,323.15,289.22,706.71,377.59,318.7,284.91,699.98,372.29,313.39,279.54
130,2014-06-30,s27 , 06/2014,375.62,206.09,174.0,157.59,727.0,388.63,324.22,292.15,720.85,383.76,319.59,287.63,713.86,378.58,314.3,282.34
131,2014-07-07,s28 , 07/2014,378.3,208.24,174.37,158.81,733.79,391.73,326.34,293.89,727.02,386.53,321.34,289.07,720.65,381.35,316.11,283.85
132,2014-07-14,s29 , 07/2014,381.49,211.25,176.89,159.82,743.95,399.68,330.39,295.19,737.39,394.69,325.61,290.56,730.83,389.43,320.29,285.27
133,2014-07-21,s30 , 07/2014,390.27,211.34,177.0,159.45,757.43,400.77,331.44,295.95,751.29,396.0,326.83,291.47,744.22,390.45,321.29,285.88
134,2014-07-28,s31 , 07/2014,397.24,215.5,179.39,161.65,770.31,407.51,336.56,301.11,763.84,402.49,331.71,296.41,756.8,397.08,326.24,290.98
135,2014-08-04,s32 , 08/2014,406.71,220.19,180.93,164.1,791.0,415.44,339.86,305.52,784.5,410.65,335.35,301.11,777.08,404.95,329.61,295.37
136,2014-08-11,s33 , 08/2014,411.09,222.5,183.58,166.54,798.64,420.25,344.41,310.96,792.06,415.08,339.45,306.13,784.51,409.62,334.04,300.68
137,2014-08-18,s34 , 08/2014,417.38,223.38,185.06,167.01,811.46,423.14,347.05,311.83,804.86,417.82,342.01,306.88,797.73,412.58,336.71,301.62
138,2014-08-25,s35 , 08/2014,421.83,223.93,186.28,167.75,821.33,425.46,350.54,315.57,814.2,419.88,345.32,310.39,807.19,414.88,340.28,305.43
139,2014-09-01,s36 , 09/2014,225.46,186.27,170.04,160.02,430.05,350.85,319.95,300.91,422.46,345.31,314.69,295.76,415.38,340.15,309.56,290.62
140,2014-09-08,s37 , 09/2014,227.75,187.16,172.2,161.97,435.86,353.07,323.91,303.37,429.35,347.93,318.92,298.48,424.26,343.7,314.69,294.2
141,2014-09-15,s38 , 09/2014,233.96,191.32,175.5,163.41,446.93,360.52,329.61,307.45,440.74,355.42,324.73,302.71,436.15,351.28,320.59,298.46
142,2014-09-22,s39 , 09/2014,233.77,190.21,175.11,164.59,445.66,359.55,329.14,307.59,439.55,354.34,324.21,302.76,434.56,350.83,320.66,299.23
143,2014-09-29,s40 , 09/2014,235.96,192.28,174.12,164.1,450.36,364.28,329.2,308.3,444.02,358.95,324.44,303.83,439.47,355.53,320.87,300.17
144,2014-10-06,s41 , 10/2014,238.28,194.59,177.84,166.47,456.22,366.83,333.55,311.83,449.96,361.53,328.98,307.44,445.4,358.22,325.49,303.97
145,2014-10-13,s42 , 10/2014,241.34,195.92,179.1,168.12,461.18,369.84,336.51,314.02,454.82,364.35,331.73,309.42,450.65,361.31,328.58,306.23
146,2014-10-20,s43 , 10/2014,245.47,196.53,179.37,169.02,470.35,370.21,336.59,314.98,464.79,365.35,332.41,310.86,459.53,361.43,328.31,306.71
147,2014-10-27,s44 , 10/2014,246.5,196.81,181.73,169.01,472.41,371.88,341.32,317.0,468.16,368.27,338.29,314.1,462.56,363.92,333.79,309.53
148,2014-11-03,s45 , 11/2014,248.44,197.36,180.28,168.8,475.37,372.37,339.92,318.52,471.64,369.01,336.96,315.65,464.83,363.74,331.75,310.49
149,2014-11-10,s46 , 11/2014,251.39,198.13,182.01,170.21,483.25,373.89,342.53,318.99,479.48,370.37,339.39,315.99,473.09,365.38,334.34,310.97
150,2014-11-17,s47 , 11/2014,254.47,196.19,180.54,168.49,487.78,372.28,340.99,318.66,484.29,368.95,337.96,315.78,477.78,363.77,332.8,310.62
151,2014-11-24,s48 , 11/2014,256.27,196.85,182.38,171.37,490.5,373.56,343.35,321.14,487.17,370.62,340.69,318.61,480.15,365.19,335.26,313.17
152,2014-12-01,s49 , 12/2014,255.44,198.33,182.06,170.53,490.92,376.24,344.0,320.43,487.5,373.23,341.22,317.88,480.28,367.45,335.47,312.07
153,2014-12-08,s50 , 12/2014,256.9,200.59,183.23,171.77,494.39,379.43,345.74,323.03,491.43,376.58,343.15,320.58,484.68,371.04,337.49,314.91
154,2014-12-15,s51 , 12/2014,256.84,201.77,182.59,171.11,492.8,381.27,345.84,322.54,490.01,378.62,343.38,320.19,482.91,372.99,337.74,314.51
155,2014-12-22,s52 , 12/2014,255.11,201.54,184.11,170.16,491.17,381.4,346.9,320.83,488.0,378.65,344.44,318.56,481.27,373.15,338.8,312.83
156,2014-12-29,s01 , 12/2014,254.53,200.11,184.59,170.43,489.83,379.93,348.24,320.54,486.88,376.76,345.36,317.87,479.72,371.58,340.1,312.59
157,2015-01-05,s02 , 01/2015,257.0,200.45,184.14,170.92,495.13,380.97,347.95,322.63,492.22,377.84,345.18,320.0,484.67,372.25,339.58,314.39
158,2015-01-12,s03 , 01/2015,260.39,201.4,185.56,172.0,501.99,383.09,351.83,324.64,498.97,380.07,349.17,322.09,491.21,373.87,342.89,315.84
159,2015-01-19,s04 , 01/2015,262.57,202.12,185.59,172.64,506.19,385.58,351.37,325.59,503.18,382.53,348.67,322.92,496.41,377.1,343.18,317.49
160,2015-01-26,s05 , 01/2015,267.01,204.88,185.98,173.76,514.23,388.71,352.31,327.58,511.48,386.09,349.93,325.23,504.24,380.21,344.0,319.37
161,2015-02-02,s06 , 02/2015,274.91,205.33,187.46,174.54,528.8,389.97,354.75,328.89,525.79,387.39,352.48,326.64,518.99,381.46,346.49,320.69
162,2015-02-09,s07 , 02/2015,291.36,208.9,190.25,177.46,559.85,395.8,360.15,333.64,556.59,393.11,357.8,331.36,549.18,386.76,351.32,324.94
163,2015-02-16,s08 , 02/2015,302.09,211.77,192.54,179.65,582.39,401.33,364.91,337.54,579.51,398.64,362.49,335.18,571.56,391.97,355.82,328.48
164,2015-02-23,s09 , 02/2015,312.43,211.91,195.3,180.55,605.3,403.54,369.54,340.54,602.03,401.13,367.48,338.5,593.31,394.08,360.34,331.42
165,2015-03-02,s10 , 03/2015,321.21,216.34,197.91,182.16,623.74,411.52,374.45,344.06,620.57,409.0,372.21,341.88,611.52,402.2,365.37,335.11
166,2015-03-09,s11 , 03/2015,325.74,220.26,200.92,184.69,632.53,418.81,381.11,348.49,629.17,416.14,378.76,346.17,620.43,409.35,371.84,339.35
167,2015-03-16,s12 , 03/2015,327.37,221.91,201.53,186.29,636.17,423.34,382.18,350.79,632.73,420.63,379.79,348.45,624.18,413.71,372.8,341.56
168,2015-03-23,s13 , 03/2015,325.33,221.68,200.48,185.51,631.18,424.77,382.59,349.46,628.23,422.23,380.32,347.27,618.91,414.34,372.38,339.35
169,2015-03-30,s14 , 03/2015,322.64,220.55,202.96,185.46,625.31,423.18,386.34,350.61,622.58,420.83,384.28,348.62,612.92,413.39,376.83,341.21
170,2015-04-06,s15 , 04/2015,319.06,219.53,202.88,185.06,616.58,422.19,386.76,349.4,613.13,419.17,384.0,346.73,604.91,412.77,377.6,340.34
171,2015-04-13,s16 , 04/2015,309.38,218.39,201.55,184.3,599.55,420.51,384.93,348.15,596.06,417.67,382.36,345.69,587.34,410.11,374.8,338.12
172,2015-04-20,s17 , 04/2015,300.08,219.09,202.63,185.12,585.45,420.17,385.75,348.7,581.81,417.29,383.18,346.15,573.02,409.82,375.68,338.66
173,2015-04-27,s18 , 04/2015,293.45,219.58,201.55,185.47,564.9,421.04,383.86,349.01,561.59,417.84,380.95,346.17,552.66,410.92,374.02,339.24
174,2015-05-04,s19 , 05/2015,286.92,218.21,200.63,185.0,554.34,417.07,381.65,348.49,550.6,413.92,378.76,345.7,541.65,406.97,371.75,338.72
175,2015-05-11,s20 , 05/2015,287.27,218.69,201.32,184.65,554.69,417.85,383.41,348.41,551.08,415.03,380.85,345.88,542.55,407.72,373.45,338.53
176,2015-05-18,s21 , 05/2015,290.0,220.29,202.38,185.06,560.08,419.92,385.67,349.19,555.55,416.27,382.3,345.84,547.42,409.37,375.32,338.91
177,2015-05-25,s22 , 05/2015,289.39,220.39,202.32,185.27,559.86,420.83,385.72,350.36,555.2,416.76,381.88,346.59,547.55,410.62,375.71,340.42
178,2015-06-01,s23 , 06/2015,286.24,219.01,201.68,184.55,554.05,418.71,385.11,349.3,549.08,414.31,380.88,345.15,541.57,408.49,375.08,339.36
179,2015-06-08,s24 , 06/2015,286.15,219.84,202.0,184.48,553.38,420.16,385.32,349.2,548.66,416.04,381.39,345.34,540.97,410.09,375.43,339.39
180,2015-06-15,s25 , 06/2015,280.7,218.25,202.17,183.83,542.81,417.3,384.09,348.02,537.4,413.06,380.03,344.09,530.08,407.2,374.16,338.19
181,2015-06-22,s26 , 06/2015,275.27,216.65,201.02,183.68,532.6,415.04,383.73,348.11,526.88,410.4,379.28,343.8,520.15,405.11,373.97,338.43
182,2015-06-29,s27 , 06/2015,272.81,216.3,201.36,183.92,524.48,414.57,383.85,348.32,518.32,409.7,379.22,343.8,511.34,404.52,373.92,338.51
183,2015-07-06,s28 , 07/2015,253.58,204.3,196.17,180.98,489.15,393.74,374.95,344.92,482.38,388.54,369.95,340.1,476.01,383.36,364.72,334.88
184,2015-07-13,s29 , 07/2015,232.67,199.09,189.08,180.35,450.98,378.84,359.48,341.88,444.42,373.85,354.7,337.25,437.86,368.59,349.38,331.96
185,2015-07-20,s30 , 07/2015,208.15,192.33,184.05,176.3,399.57,363.63,349.03,334.1,393.43,358.86,344.42,329.62,386.36,353.31,338.88,324.03
186,2015-07-27,s31 , 07/2015,205.89,189.0,183.16,175.73,393.64,360.17,347.6,334.21,387.16,355.15,342.75,329.51,380.13,349.74,337.28,324.08
187,2015-08-03,s32 , 08/2015,203.47,185.65,180.55,174.68,388.47,355.29,344.21,333.07,381.97,350.5,339.7,328.66,374.55,344.8,333.96,322.92
188,2015-08-10,s33 , 08/2015,205.74,186.58,180.88,175.65,393.75,356.39,344.9,334.69,387.17,351.22,339.94,329.86,379.62,345.76,334.53,324.41
189,2015-08-17,s34 , 08/2015,206.46,186.57,180.71,174.81,395.98,356.22,344.75,332.64,389.38,350.89,339.71,327.69,382.25,345.66,334.41,322.43
190,2015-08-24,s35 , 08/2015,207.37,186.69,180.91,175.07,396.37,356.28,344.41,332.04,389.24,350.7,339.19,326.86,382.23,345.7,334.15,321.9
191,2015-08-31,s36 , 08/2015,211.41,187.92,181.28,174.54,405.85,358.72,345.22,331.9,398.25,353.18,339.96,326.75,391.17,348.02,334.83,321.61
192,2015-09-07,s37 , 09/2015,188.81,180.63,175.24,170.5,359.73,344.09,332.45,324.54,353.22,338.94,327.46,319.65,348.13,334.72,323.23,315.37
193,2015-09-14,s38 , 09/2015,185.63,179.89,173.18,170.5,354.24,343.13,330.23,323.57,348.05,338.03,325.35,318.83,343.46,333.89,321.21,314.58
194,2015-09-21,s39 , 09/2015,186.04,179.89,174.7,170.74,354.49,343.1,331.64,324.33,348.38,337.88,326.71,319.5,343.39,334.37,323.16,315.97
195,2015-09-28,s40 , 09/2015,184.56,178.8,173.4,170.25,351.48,340.95,328.88,324.03,345.14,335.62,324.12,319.56,340.59,332.2,320.56,315.9
196,2015-10-05,s41 , 10/2015,184.97,178.0,173.89,170.61,351.15,338.98,329.73,323.78,344.89,333.68,325.16,319.39,340.33,330.37,321.67,315.92
197,2015-10-12,s42 , 10/2015,183.07,176.58,171.63,170.17,348.2,336.55,326.76,323.02,341.84,331.06,321.98,318.42,337.67,328.02,318.83,315.23
198,2015-10-19,s43 , 10/2015,181.34,175.68,171.04,169.9,345.13,334.34,325.86,322.01,339.57,329.48,321.68,317.89,334.31,325.56,317.58,313.74
199,2015-10-26,s44 , 10/2015,180.76,175.96,171.14,170.38,344.28,334.93,325.47,322.63,340.02,331.32,322.44,319.73,334.43,326.97,317.94,315.16
200,2015-11-02,s45 , 11/2015,180.81,175.35,171.29,169.91,344.27,334.35,324.98,321.55,340.54,330.99,322.02,318.68,333.74,325.72,316.81,313.52
201,2015-11-09,s46 , 11/2015,179.38,175.01,170.27,169.59,342.09,333.66,323.54,320.94,338.32,330.13,320.4,317.94,331.93,325.14,315.35,312.92
202,2015-11-16,s47 , 11/2015,179.33,175.2,170.8,169.14,341.1,333.15,324.14,320.44,337.61,329.82,321.11,317.56,331.1,324.64,315.95,312.4
203,2015-11-23,s48 , 11/2015,177.54,173.23,169.91,168.3,337.35,328.29,322.41,317.68,334.02,325.35,319.75,315.15,327.0,319.92,314.32,309.71
204,2015-11-30,s49 , 11/2015,172.41,169.65,165.67,164.04,327.18,322.11,315.3,311.98,323.76,319.1,312.52,309.44,316.54,313.32,306.77,303.63
205,2015-12-07,s50 , 12/2015,167.71,165.85,163.33,161.17,317.3,314.01,310.17,306.36,314.34,311.15,307.58,303.92,307.59,305.61,301.92,298.24
206,2015-12-14,s51 , 12/2015,163.3,164.4,162.44,160.65,310.6,310.55,306.54,303.63,307.81,307.89,304.08,301.28,300.71,302.26,298.44,295.6
207,2015-12-21,s52 , 12/2015,163.85,163.41,161.68,159.64,311.53,309.32,306.17,302.0,308.36,306.57,303.71,299.73,301.63,301.07,298.07,294.0
208,2015-12-28,s53 , 12/2015,158.74,158.05,156.82,156.41,299.81,301.26,298.66,295.42,296.86,298.08,295.78,292.75,289.7,292.91,290.52,287.47
209,2016-01-04,s01 , 01/2016,152.75,156.32,154.83,154.63,288.89,294.72,292.02,291.84,285.98,291.59,289.25,289.21,278.43,286.0,283.65,283.6
210,2016-01-11,s02 , 01/2016,148.41,151.35,151.42,151.4,279.25,285.75,286.01,285.89,276.23,282.73,283.35,283.34,268.47,276.53,277.07,277.09
211,2016-01-18,s03 , 01/2016,145.65,148.64,148.96,149.07,272.1,277.94,279.03,279.69,269.09,274.89,276.33,277.02,262.32,269.46,270.84,271.59
212,2016-01-25,s04 , 01/2016,143.32,145.61,147.11,148.11,266.18,272.57,275.82,278.0,263.43,269.95,273.44,275.65,256.2,264.07,267.51,269.79
213,2016-02-01,s05 , 02/2016,129.35,138.13,144.95,146.38,243.82,259.15,270.04,273.12,240.81,256.57,267.77,270.87,234.01,250.64,261.78,264.92
214,2016-02-08,s06 , 02/2016,128.91,137.54,140.56,143.06,241.31,256.72,263.68,267.92,238.05,254.03,261.33,265.64,230.64,247.68,254.85,259.22
215,2016-02-15,s07 , 02/2016,128.51,135.84,140.51,143.27,238.74,255.28,263.96,268.28,235.86,252.59,261.54,265.92,227.91,245.92,254.87,259.22
216,2016-02-22,s08 , 02/2016,128.12,134.81,140.3,142.92,239.82,254.56,265.12,268.76,236.54,252.15,263.06,266.72,227.83,245.1,255.92,259.64
217,2016-02-29,s09 , 02/2016,128.63,135.92,140.07,142.45,240.3,254.9,264.45,268.27,237.13,252.38,262.21,266.09,228.08,245.58,255.37,259.32
218,2016-03-07,s10 , 03/2016,129.74,135.54,140.9,142.42,243.08,255.09,265.01,268.32,239.72,252.42,262.66,266.0,230.97,245.62,255.74,259.18
219,2016-03-14,s11 , 03/2016,129.59,136.77,140.78,142.91,242.3,255.99,265.05,269.62,238.86,253.28,262.66,267.28,230.31,246.36,255.67,260.38
220,2016-03-21,s12 , 03/2016,130.16,137.55,141.22,143.54,241.42,256.23,265.15,269.69,238.47,253.69,262.88,267.5,229.15,245.8,254.94,259.57
221,2016-03-28,s13 , 03/2016,130.42,137.91,142.6,144.46,241.18,256.62,265.98,270.73,238.44,254.27,263.92,268.74,228.79,246.83,256.47,261.33
222,2016-04-04,s14 , 04/2016,131.44,138.97,142.84,145.19,242.87,257.92,266.39,271.5,239.42,254.9,263.63,268.83,231.2,248.5,257.23,262.44
223,2016-04-11,s15 , 04/2016,132.59,140.2,144.22,146.14,244.43,259.45,268.33,272.82,240.94,256.61,265.76,270.36,232.22,249.05,258.2,262.79
224,2016-04-18,s16 , 04/2016,135.29,142.92,145.9,147.6,249.04,263.65,270.43,274.51,245.4,260.77,267.86,271.96,236.61,253.3,260.36,264.47
225,2016-04-25,s17 , 04/2016,137.35,143.83,147.15,148.47,252.4,265.49,272.21,275.36,249.09,262.29,269.3,272.52,240.16,255.37,262.37,265.59
226,2016-05-02,s18 , 05/2016,139.64,145.74,149.8,151.64,257.88,269.19,276.49,278.99,254.14,266.04,273.6,276.2,245.19,259.09,266.59,269.22
227,2016-05-09,s19 , 05/2016,142.6,148.7,151.24,152.08,262.3,273.26,279.21,280.77,258.69,270.45,276.65,278.24,250.16,263.13,269.25,270.89
228,2016-05-16,s20 , 05/2016,149.84,155.97,156.17,157.06,273.52,283.91,285.61,286.9,268.98,280.26,282.24,283.55,260.86,273.36,275.26,276.62
229,2016-05-23,s21 , 05/2016,158.12,161.42,160.12,160.72,283.57,290.98,290.54,291.93,278.91,286.92,286.7,288.16,271.26,280.78,280.53,281.99
230,2016-05-30,s22 , 05/2016,168.1,167.29,166.1,165.98,295.41,298.06,298.32,298.44,290.44,293.66,294.09,294.28,282.93,287.84,288.29,288.49
231,2016-06-06,s23 , 06/2016,171.91,171.86,170.0,168.2,298.69,302.0,302.14,300.21,293.97,297.88,298.21,296.35,286.28,291.93,292.25,290.4
232,2016-06-13,s24 , 06/2016,173.02,174.48,172.33,171.65,299.94,305.34,304.64,303.81,294.53,301.1,300.58,299.88,287.21,295.24,294.71,293.98
233,2016-06-20,s25 , 06/2016,174.93,175.63,175.58,175.55,301.42,306.23,307.66,308.0,295.7,301.59,303.21,303.69,288.97,296.29,297.9,298.32
234,2016-06-27,s26 , 06/2016,174.89,176.07,175.69,175.43,302.3,307.2,307.79,308.12,296.14,302.33,303.16,303.6,289.16,297.15,297.86,298.31
235,2016-07-04,s27 , 07/2016,179.47,180.5,179.66,179.54,309.01,314.15,314.13,314.35,302.24,308.95,309.13,309.53,295.87,303.77,303.9,304.31
236,2016-07-11,s28 , 07/2016,185.79,185.74,184.48,184.7,322.07,323.13,322.46,323.09,315.51,318.14,317.68,318.46,308.95,312.88,312.36,313.17
237,2016-07-18,s29 , 07/2016,192.11,190.68,189.96,188.54,336.66,334.48,330.4,329.53,330.52,329.71,325.79,325.05,323.45,324.16,320.25,319.46
238,2016-07-25,s30 , 07/2016,194.7,192.74,191.15,190.48,344.71,341.52,337.68,335.64,338.23,336.5,332.83,330.94,331.2,331.09,327.36,325.51
239,2016-08-01,s31 , 08/2016,196.51,195.62,193.95,191.63,349.93,346.42,342.82,338.15,343.43,341.63,338.31,333.74,336.01,335.93,332.57,328.0
240,2016-08-08,s32 , 08/2016,202.09,200.42,197.21,192.48,360.89,355.33,347.41,341.44,354.31,350.16,342.45,336.61,346.76,344.7,337.04,331.16
241,2016-08-15,s33 , 08/2016,206.33,203.64,199.17,194.93,371.08,362.52,353.65,346.22,364.48,357.19,348.61,341.27,357.35,351.96,343.31,336.01
242,2016-08-22,s34 , 08/2016,206.43,201.91,196.61,191.14,372.75,362.8,352.0,343.45,365.62,357.22,346.78,338.27,358.61,352.22,341.74,333.31
243,2016-08-29,s35 , 08/2016,203.04,200.33,194.75,190.28,366.86,359.73,349.75,341.79,359.27,354.19,344.49,336.64,352.19,349.03,339.36,331.5
244,2016-09-05,s36 , 09/2016,199.58,194.52,192.46,190.67,358.28,349.16,344.67,342.28,351.77,344.02,339.68,337.39,346.68,339.79,335.45,333.11
245,2016-09-12,s37 , 09/2016,197.79,194.46,192.54,191.4,356.6,349.2,345.2,342.3,350.41,344.1,340.32,337.56,345.82,339.96,336.18,333.31
246,2016-09-19,s38 , 09/2016,196.46,194.79,192.24,190.96,354.16,349.47,342.98,340.65,348.05,344.25,338.05,335.83,343.06,340.74,334.5,332.3
247,2016-09-26,s39 , 09/2016,195.37,193.81,190.08,189.05,351.26,347.08,339.41,338.13,344.92,341.75,334.65,333.66,340.37,338.33,331.08,330.0
248,2016-10-03,s40 , 10/2016,194.72,192.24,189.84,188.62,350.63,346.17,339.32,337.59,344.37,340.86,334.75,333.2,339.81,337.56,331.26,329.73
249,2016-10-10,s41 , 10/2016,194.98,192.97,190.78,189.84,350.31,346.54,340.46,338.37,343.94,341.05,335.68,333.77,339.77,338.01,332.53,330.58
250,2016-10-17,s42 , 10/2016,193.85,192.12,190.42,188.88,349.56,345.65,341.47,338.67,344.0,340.79,337.29,334.55,338.74,336.87,333.19,330.4
251,2016-10-24,s43 , 10/2016,192.07,190.5,188.64,187.43,346.93,343.41,338.69,336.72,351.79,346.99,342.27,340.3,344.33,340.85,336.13,334.16
252,2016-10-31,s44 , 10/2016,191.84,190.03,188.77,187.88,346.33,342.98,339.1,337.58,353.96,348.24,344.36,342.84,338.62,338.86,334.98,333.46
253,2016-11-07,s45 , 11/2016,191.96,189.46,187.96,186.88,348.26,343.47,339.9,337.71,354.5,346.61,343.04,340.85,342.23,338.84,335.27,333.08
254,2016-11-14,s46 , 11/2016,189.84,187.5,186.5,186.43,345.6,340.39,337.35,335.86,355.54,345.79,342.75,341.26,341.33,336.15,333.11,331.62
255,2016-11-21,s47 , 11/2016,189.1,188.09,186.61,185.48,342.49,339.3,335.23,332.4,353.2,346.8,342.73,339.9,337.01,335.99,331.92,329.09
256,2016-11-28,s48 , 11/2016,189.9,188.52,186.66,185.06,343.09,340.0,335.83,333.38,352.86,346.69,342.52,340.07,332.23,332.27,328.1,325.65
257,2016-12-05,s49 , 12/2016,189.7,187.88,186.16,185.12,339.73,336.88,333.95,332.51,350.71,343.46,340.53,339.09,330.83,328.35,325.42,323.98
258,2016-12-12,s50 , 12/2016,185.7,184.67,184.12,182.26,329.31,328.93,327.45,325.45,341.04,335.85,334.37,332.37,322.0,321.93,320.45,318.45
259,2016-12-19,s51 , 12/2016,182.61,181.88,179.91,179.33,325.59,324.3,322.02,320.8,334.84,332.16,329.88,328.66,317.55,316.95,314.67,313.45
260,2016-12-26,s52 , 12/2016,184.32,183.09,181.55,179.95,326.46,323.64,321.38,319.57,337.06,329.56,327.3,325.49,318.66,316.13,313.87,312.06
261,2017-01-02,s01 , 01/2017,184.0,182.86,181.43,180.24,327.12,324.11,321.55,320.02,338.04,331.83,329.27,327.74,319.2,316.76,314.2,312.67
262,2017-01-09,s02 , 01/2017,185.04,184.08,183.63,181.62,328.29,325.07,324.09,320.99,340.45,333.65,332.67,329.57,317.58,315.03,314.05,310.95
263,2017-01-16,s03 , 01/2017,187.46,185.44,184.12,182.46,330.99,326.9,324.63,321.56,344.12,336.28,334.01,330.94,324.33,320.3,318.03,314.96
264,2017-01-23,s04 , 01/2017,190.0,185.73,185.24,183.13,333.67,327.62,325.75,322.25,347.61,337.81,335.94,332.44,326.61,320.38,318.51,315.01
265,2017-01-30,s05 , 01/2017,192.13,188.44,186.21,183.8,336.98,331.34,326.75,323.31,350.86,342.54,337.95,334.51,330.53,324.37,319.78,316.34
266,2017-02-06,s06 , 02/2017,194.47,189.72,186.79,184.71,341.8,333.13,328.22,325.17,353.35,343.59,338.68,335.63,332.94,324.75,319.84,316.79
267,2017-02-13,s07 , 02/2017,200.69,193.58,189.96,187.58,353.45,341.25,334.33,330.3,368.27,352.74,345.82,341.79,343.6,331.31,324.39,320.36
268,2017-02-20,s08 , 02/2017,205.55,196.9,191.92,188.98,363.1,346.46,338.39,334.21,378.18,358.99,350.92,346.74,344.9,334.03,325.96,321.78
269,2017-02-27,s09 , 02/2017,209.38,196.82,190.52,187.46,375.68,350.72,339.04,335.55,389.44,363.13,351.45,347.96,356.11,339.05,327.37,323.88
270,2017-03-06,s10 , 03/2017,211.0,197.64,193.83,192.32,378.87,353.25,344.32,342.46,393.53,365.96,357.03,355.17,363.67,341.61,332.68,330.82
271,2017-03-13,s11 , 03/2017,220.81,202.54,197.08,192.92,399.12,362.77,351.71,343.94,413.28,376.77,365.71,357.94,385.06,351.05,339.99,332.22
272,2017-03-20,s12 , 03/2017,224.83,205.26,197.86,195.95,401.75,365.03,352.49,347.5,419.0,378.59,366.05,361.06,384.42,349.7,337.16,332.17
273,2017-03-27,s13 , 03/2017,230.33,204.53,199.58,194.28,412.49,365.88,354.56,347.16,429.99,380.54,369.22,361.82,395.24,352.91,341.59,334.19
274,2017-04-03,s14 , 04/2017,237.45,210.64,199.73,195.18,428.17,377.95,358.03,348.57,443.17,389.95,370.03,360.57,411.7,365.52,345.6,336.14
275,2017-04-10,s15 , 04/2017,247.56,210.57,200.57,196.07,446.12,378.57,359.29,349.9,463.46,393.25,373.97,364.58,427.69,362.73,343.45,334.06
276,2017-04-17,s16 , 04/2017,250.31,211.39,200.4,195.04,452.1,379.9,358.85,348.38,468.22,394.2,373.15,362.68,433.67,363.71,342.66,332.19
277,2017-04-24,s17 , 04/2017,251.17,209.96,201.7,194.76,453.77,377.68,360.11,348.53,470.03,389.13,371.56,359.98,437.16,361.96,344.39,332.81
278,2017-05-01,s18 , 05/2017,254.77,214.17,201.44,195.43,460.3,383.34,361.02,348.97,475.47,396.17,373.85,361.8,441.96,367.47,345.15,333.1
279,2017-05-08,s19 , 05/2017,255.96,216.6,203.63,198.81,462.64,386.46,362.88,352.16,482.04,402.22,378.64,367.92,444.97,370.33,346.75,336.03
280,2017-05-15,s20 , 05/2017,254.61,215.29,203.19,197.54,461.86,386.89,364.75,351.76,475.82,399.4,377.26,364.27,443.87,370.95,348.81,335.82
281,2017-05-22,s21 , 05/2017,254.04,213.92,202.33,198.46,459.9,384.1,363.11,352.96,474.08,396.18,375.19,365.04,444.18,370.27,349.28,339.13
282,2017-05-29,s22 , 05/2017,249.46,213.88,203.04,196.69,447.64,382.26,362.61,350.55,462.77,393.75,374.1,362.04,433.77,368.75,349.1,337.04
283,2017-06-05,s23 , 06/2017,242.42,210.04,202.12,197.3,437.96,376.8,360.6,349.93,455.23,390.2,374.0,363.33,425.4,365.38,349.18,338.51
284,2017-06-12,s24 , 06/2017,243.61,209.89,201.34,195.76,441.12,377.0,360.66,349.07,457.23,389.05,372.71,361.12,429.15,365.46,349.12,337.53
285,2017-06-19,s25 , 06/2017,245.77,209.43,200.96,195.81,444.69,376.79,360.02,348.71,461.87,389.43,372.66,361.35,434.64,366.31,349.54,338.23
286,2017-06-26,s26 , 06/2017,249.7,208.7,201.47,194.88,448.49,375.61,359.99,347.42,464.66,387.3,371.68,359.11,435.93,363.37,347.75,335.18
287,2017-07-03,s27 , 07/2017,251.85,211.6,202.31,196.12,451.8,379.39,360.74,349.57,465.9,389.84,371.19,360.02,438.7,366.99,348.34,337.17
288,2017-07-10,s28 , 07/2017,249.89,212.2,200.79,195.69,446.21,377.97,357.79,347.92,459.65,387.89,367.71,357.84,432.0,364.76,344.58,334.71
289,2017-07-17,s29 , 07/2017,246.35,210.29,201.69,195.84,440.65,374.59,356.68,347.64,456.71,386.67,368.76,359.72,426.9,362.67,344.76,335.72
290,2017-07-24,s30 , 07/2017,244.95,210.1,200.45,195.33,437.68,376.06,356.87,347.56,453.78,387.13,367.94,358.63,422.47,361.81,342.62,333.31
291,2017-07-31,s31 , 07/2017,243.7,211.63,201.65,198.63,434.48,375.45,356.41,349.86,450.62,387.84,368.8,362.25,420.03,363.01,343.97,337.42
292,2017-08-07,s32 , 08/2017,247.48,212.46,201.42,196.62,439.56,376.79,356.38,348.01,455.87,387.79,367.38,359.01,422.42,362.9,342.49,334.12
293,2017-08-14,s33 , 08/2017,247.55,214.45,201.99,199.37,438.58,379.38,357.08,350.02,453.2,389.02,366.72,359.66,422.05,366.54,344.24,337.18
294,2017-08-21,s34 , 08/2017,246.32,212.82,200.76,194.55,437.49,377.79,355.14,344.3,453.11,390.84,368.19,357.35,421.82,365.89,343.24,332.4
295,2017-08-28,s35 , 08/2017,249.96,215.38,200.7,193.06,443.39,380.81,354.26,342.1,458.19,392.93,366.38,354.22,425.86,367.29,340.74,328.58
296,2017-09-04,s36 , 09/2017,215.75,201.33,195.42,193.3,380.95,356.15,345.78,341.34,392.82,367.86,357.49,353.05,368.39,343.93,333.56,329.12
297,2017-09-11,s37 , 09/2017,219.18,205.25,198.16,193.41,385.49,361.51,349.14,341.18,397.57,371.67,359.3,351.34,373.18,348.95,336.58,328.62
298,2017-09-18,s38 , 09/2017,218.33,206.7,199.65,195.76,386.47,363.49,350.55,343.78,397.98,373.91,360.97,354.2,371.86,352.94,340.0,333.23
299,2017-09-25,s39 , 09/2017,219.2,205.56,200.89,195.28,387.31,361.88,352.13,343.72,398.17,370.51,360.76,352.35,373.77,351.11,341.36,332.95
300,2017-10-02,s40 , 10/2017,221.57,204.84,198.32,193.95,391.28,361.99,350.43,342.85,402.79,371.82,360.26,352.68,376.92,350.75,339.19,331.61
301,2017-10-09,s41 , 10/2017,224.02,209.16,201.34,196.44,394.65,366.44,353.02,344.1,405.89,375.95,362.53,353.61,381.7,357.38,343.96,335.04
302,2017-10-16,s42 , 10/2017,223.98,208.13,201.27,197.08,396.45,367.04,353.98,346.19,408.69,377.24,364.18,356.39,383.59,357.52,344.46,336.67
303,2017-10-23,s43 , 10/2017,225.72,208.46,200.85,197.64,397.97,366.38,352.61,345.34,408.79,376.54,362.77,355.5,383.96,356.91,343.14,335.87
304,2017-10-30,s44 , 10/2017,229.08,209.81,201.12,195.71,401.8,367.22,352.37,342.54,413.51,377.51,362.66,352.83,386.93,356.89,342.04,332.21
305,2017-11-06,s45 , 11/2017,227.64,207.2,199.36,194.15,399.41,364.48,350.68,340.83,411.88,375.12,361.32,351.47,386.11,354.56,340.76,330.91
306,2017-11-13,s46 , 11/2017,226.33,207.46,199.95,194.93,398.87,364.89,350.27,341.39,410.45,375.14,360.52,351.64,385.84,354.74,340.12,331.24
307,2017-11-20,s47 , 11/2017,224.31,204.13,195.73,192.74,393.75,361.59,345.35,339.1,406.11,371.35,355.11,348.86,379.59,351.37,335.13,328.88
308,2017-11-27,s48 , 11/2017,223.83,205.91,195.66,190.28,391.9,362.41,344.03,335.8,403.87,372.04,353.66,345.43,378.99,351.94,333.56,325.33
309,2017-12-04,s49 , 12/2017,226.92,210.27,199.52,190.2,393.35,366.56,348.07,336.16,406.18,377.38,358.89,346.98,383.84,357.92,339.43,327.52
310,2017-12-11,s50 , 12/2017,225.5,210.94,197.64,190.36,394.82,368.13,346.81,336.63,407.95,379.93,358.61,348.43,382.81,358.07,336.75,326.57
311,2017-12-18,s51 , 12/2017,230.54,210.45,198.88,192.24,400.31,367.39,347.73,338.74,411.7,377.4,357.74,348.75,387.1,356.93,337.27,328.28
312,2017-12-25,s52 , 12/2017,230.22,208.03,196.8,191.11,401.21,365.7,346.3,337.6,413.77,375.32,355.92,347.22,388.24,356.55,337.15,328.45
313,2018-01-01,s01 , 01/2018,229.09,210.24,195.87,190.68,399.58,367.27,345.22,337.12,412.37,376.51,354.46,346.36,386.18,357.9,335.85,327.75
314,2018-01-08,s02 , 01/2018,225.18,206.78,195.26,190.31,395.15,363.68,344.48,336.28,406.01,372.96,353.76,345.56,381.55,352.62,333.42,325.22
315,2018-01-15,s03 , 01/2018,222.28,205.41,195.3,189.35,390.82,361.9,345.13,336.11,400.4,370.05,353.28,344.26,377.13,350.83,334.06,325.04
316,2018-01-22,s04 , 01/2018,226.25,204.14,194.33,188.96,394.63,360.78,344.81,335.28,404.68,369.32,353.35,343.82,378.73,348.28,332.31,322.78
317,2018-01-29,s05 , 01/2018,222.98,203.4,194.17,189.2,390.82,359.41,342.97,334.8,400.61,368.09,351.65,343.48,375.55,347.15,330.71,322.54
318,2018-02-05,s06 , 02/2018,224.39,203.02,193.47,188.5,395.72,359.82,342.74,334.55,405.39,368.15,351.07,342.88,378.34,346.15,329.07,320.88
319,2018-02-12,s07 , 02/2018,221.45,201.44,190.8,187.09,392.62,358.27,338.9,332.97,402.66,366.81,347.44,341.51,375.15,343.73,324.36,318.43
320,2018-02-19,s08 , 02/2018,225.33,205.75,194.74,189.52,403.34,364.22,345.74,336.04,411.87,372.39,353.91,344.21,385.04,349.8,331.32,321.62
321,2018-02-26,s09 , 02/2018,235.69,207.9,195.95,189.08,417.81,367.94,347.45,336.21,427.23,376.7,356.21,344.97,399.96,354.78,334.29,323.05
322,2018-03-05,s10 , 03/2018,244.48,210.01,198.74,192.23,434.81,371.46,349.71,339.25,443.76,379.96,358.21,347.75,416.79,359.64,337.89,327.43
323,2018-03-12,s11 , 03/2018,257.73,214.57,198.74,194.38,462.49,377.61,350.46,341.76,471.78,385.72,358.57,349.87,445.44,366.41,339.26,330.56
324,2018-03-19,s12 , 03/2018,263.21,214.39,196.12,191.33,470.36,379.14,348.48,339.22,479.7,387.67,357.01,347.75,453.25,366.02,335.36,326.1
325,2018-03-26,s13 , 03/2018,263.68,217.43,200.9,194.85,470.95,384.63,353.95,343.26,480.71,393.68,363.0,352.31,452.09,372.92,342.24,331.55
326,2018-04-02,s14 , 04/2018,258.46,214.59,198.83,192.0,457.0,379.57,351.03,339.97,465.38,387.5,358.96,347.9,440.9,368.97,340.43,329.37
327,2018-04-09,s15 , 04/2018,255.17,214.05,197.8,190.5,455.97,379.35,350.81,338.36,463.86,387.06,358.52,346.07,441.28,368.86,340.32,327.87
328,2018-04-16,s16 , 04/2018,258.11,212.49,198.98,190.42,458.32,377.51,351.99,338.55,466.57,384.86,359.34,345.9,441.8,364.28,338.76,325.32
329,2018-04-23,s17 , 04/2018,263.03,216.93,200.27,191.22,465.16,384.14,354.51,340.03,474.25,391.27,361.64,347.16,448.09,372.79,343.16,328.68
330,2018-04-30,s18 , 04/2018,265.22,216.0,202.2,192.68,467.47,384.47,357.59,342.71,475.52,391.94,365.06,350.18,451.56,372.71,345.83,330.95
331,2018-05-07,s19 , 05/2018,267.0,217.25,200.47,193.35,469.54,385.59,356.48,343.04,476.65,392.21,363.1,349.66,455.6,373.52,344.41,330.97
332,2018-05-14,s20 , 05/2018,265.33,214.35,200.65,192.12,467.52,384.79,358.44,343.57,471.53,387.71,361.36,346.49,449.91,370.89,344.54,329.67
333,2018-05-21,s21 , 05/2018,269.61,220.27,203.94,195.15,475.04,393.36,363.18,347.95,478.7,395.33,365.15,349.92,457.36,378.62,348.44,333.21
334,2018-05-28,s22 , 05/2018,268.68,219.93,204.46,194.78,476.53,393.55,365.75,347.55,476.11,393.31,365.51,347.31,457.12,379.23,351.43,333.23
335,2018-06-04,s23 , 06/2018,272.35,220.48,204.78,196.04,482.7,394.57,368.37,349.45,484.39,395.02,368.82,349.9,462.7,382.12,355.92,337.0
336,2018-06-11,s24 , 06/2018,278.27,222.7,204.81,196.0,493.11,397.51,368.89,349.2,493.46,398.04,369.42,349.73,471.85,383.32,354.7,335.01
337,2018-06-18,s25 , 06/2018,279.66,222.22,206.04,195.22,494.89,398.91,371.44,348.87,494.19,397.47,370.0,347.43,474.35,385.1,357.63,335.06
338,2018-06-25,s26 , 06/2018,280.8,224.68,206.8,195.72,497.35,402.42,372.44,349.49,497.01,401.24,371.26,348.31,476.62,389.26,359.28,336.33
339,2018-07-02,s27 , 07/2018,279.56,227.27,207.79,195.89,496.51,405.73,373.71,349.83,495.12,405.05,373.03,349.15,476.84,391.07,359.05,335.17
340,2018-07-09,s28 , 07/2018,279.445,227.11,207.735,195.375,496.75,405.67,374.38,348.94,496.03,405.09,373.8,348.36,476.89,391.65,360.35,334.91
341,2018-07-16,s29 , 07/2018,279.33,226.95,207.68,194.86,496.99,405.62,375.03,348.04,496.95,405.14,374.55,347.56,476.96,392.23,361.64,334.65
342,2018-07-23,s30 , 07/2018,277.86,228.2,207.72,196.7,495.38,407.02,375.49,349.88,492.42,406.04,374.51,348.9,475.03,395.25,363.72,338.11
343,2018-07-30,s31 , 07/2018,279.87,228.54,208.31,195.43,498.24,408.49,376.49,349.02,496.2,406.75,374.75,347.28,476.79,394.21,362.21,334.74
344,2018-08-06,s32 , 08/2018,277.56,230.19,209.62,196.0,495.52,410.84,377.94,348.67,493.09,408.81,375.91,346.64,473.94,396.85,363.95,334.68
345,2018-08-13,s33 , 08/2018,275.47,229.92,208.0,194.93,492.98,410.26,376.24,347.35,491.08,409.0,374.98,346.09,471.31,397.37,363.35,334.46
346,2018-08-20,s34 , 08/2018,271.0,230.48,208.59,194.71,484.39,411.31,376.42,347.71,480.24,409.0,374.11,345.4,460.82,398.52,363.63,334.92
347,2018-08-27,s35 , 08/2018,269.35,229.83,207.52,194.04,481.91,409.56,375.35,346.84,476.71,407.14,372.93,344.42,456.43,395.74,361.53,333.02
348,2018-09-03,s36 , 09/2018,229.42,208.42,195.0,191.33,408.72,375.27,348.5,340.56,406.88,374.43,347.66,339.72,393.88,369.24,342.47,334.53
349,2018-09-10,s37 , 09/2018,230.56,210.93,196.75,191.08,409.48,378.8,350.76,339.55,407.17,377.01,348.97,337.76,395.74,370.46,342.42,331.21
350,2018-09-17,s38 , 09/2018,229.03,209.59,195.49,189.94,407.2,375.36,348.94,338.12,404.35,372.89,346.47,335.65,393.21,366.93,340.51,329.69
351,2018-09-24,s39 , 09/2018,228.93,210.33,196.73,189.87,406.96,376.92,350.49,338.46,404.36,374.9,348.47,336.44,394.57,369.94,343.51,331.48
352,2018-10-01,s40 , 10/2018,228.19,209.07,195.27,189.59,405.64,374.9,348.83,337.8,402.83,372.34,346.27,335.24,394.26,369.65,343.58,332.55
353,2018-10-08,s41 , 10/2018,228.02,209.9,195.34,190.58,406.06,375.99,349.23,338.83,403.15,373.28,346.52,336.12,394.94,371.09,344.33,333.93
354,2018-10-15,s42 , 10/2018,226.03,209.41,195.43,189.74,403.64,375.63,348.39,337.6,400.07,373.16,345.92,335.13,392.58,369.95,342.71,331.92
355,2018-10-22,s43 , 10/2018,224.12,206.25,193.84,189.13,398.98,370.38,346.34,336.68,395.66,367.88,343.84,334.18,389.51,365.45,341.41,331.75
356,2018-10-29,s44 , 10/2018,219.2,205.77,193.96,187.11,393.14,369.28,347.18,334.95,390.07,366.66,344.56,332.33,382.13,361.44,339.34,327.11
357,2018-11-05,s45 , 11/2018,220.22,204.71,193.5,187.06,393.16,368.47,346.14,334.62,390.87,366.19,343.86,332.34,383.79,362.16,339.83,328.31
358,2018-11-12,s46 , 11/2018,216.17,202.78,191.94,186.18,387.6,365.11,343.86,333.31,385.69,363.14,341.89,331.34,377.31,358.82,337.57,327.02
359,2018-11-19,s47 , 11/2018,216.2,202.42,192.54,185.9,386.16,364.81,345.0,332.36,383.82,362.68,342.87,330.23,375.12,356.96,337.15,324.51
360,2018-11-26,s48 , 11/2018,215.24,201.21,191.2,185.14,383.31,363.3,342.91,332.0,380.74,360.82,340.43,329.52,373.15,355.81,335.42,324.51
361,2018-12-03,s49 , 12/2018,214.04,201.07,191.04,185.02,381.31,362.6,342.93,331.41,379.56,360.59,340.92,329.4,372.02,355.64,335.97,324.45
362,2018-12-10,s50 , 12/2018,214.73,201.25,190.19,184.87,382.61,362.19,342.53,331.76,380.3,359.72,340.06,329.29,371.67,355.49,335.83,325.06
363,2018-12-17,s51 , 12/2018,217.04,201.58,192.02,184.79,386.18,362.07,343.98,331.02,384.41,360.15,342.06,329.1,374.9,355.64,337.55,324.59
364,2018-12-24,s52 , 12/2018,218.57333333333332,201.08333333333334,191.52666666666667,184.03333333333333,389.66,362.37,343.8,330.48,387.15,359.86,341.28,327.96,377.41,354.83,336.26,322.94
365,2018-12-31,s01 , 12/2018,220.10666666666665,200.58666666666667,191.03333333333333,183.27666666666667,393.16,362.69,343.6,329.94,389.89,359.57,340.49,326.83,379.94,354.04,334.95,321.29
366,2019-01-07,s02 , 01/2019,221.64,200.09,190.54,182.52,396.64,362.99,343.42,329.4,392.63,359.28,339.71,325.69,382.45,353.23,333.66,319.64
367,2019-01-14,s03 , 01/2019,226.32,205.23,193.4,184.74,405.43,370.66,348.36,332.56,400.57,365.8,343.5,327.7,393.6,361.87,339.57,323.77
368,2019-01-21,s04 , 01/2019,231.01,208.13,195.39,186.84,418.95,379.11,353.0,336.76,413.25,374.08,347.97,331.73,405.43,369.8,343.69,327.45
369,2019-01-28,s05 , 01/2019,240.83,213.04,199.41,189.25,437.73,390.15,360.37,341.9,431.03,384.3,354.52,336.05,425.96,380.56,350.78,332.31
370,2019-02-04,s06 , 02/2019,247.65,216.43,199.07,189.16,450.03,395.78,362.07,342.01,443.84,391.08,357.37,337.31,437.58,386.02,352.31,332.25
371,2019-02-11,s07 , 02/2019,247.44,218.52,199.95,190.13,450.97,398.27,363.59,343.18,443.99,392.33,357.65,337.24,436.92,389.2,354.52,334.11
372,2019-02-18,s08 , 02/2019,247.11,221.65,201.75,192.82,452.16,404.51,365.54,347.34,444.66,400.5,361.53,343.33,437.58,395.04,356.07,337.87
373,2019-02-25,s09 , 02/2019,246.01,221.89,202.39,189.62,451.89,403.61,364.92,342.31,443.77,398.71,360.02,337.41,436.33,394.74,356.05,333.44
374,2019-03-04,s10 , 03/2019,246.74,220.96499999999997,201.02999999999997,189.39,453.32,403.25,363.47,342.44,445.45,398.38,358.6,337.57,437.36,394.0,354.22,333.19
375,2019-03-11,s11 , 03/2019,247.47,220.04,199.67,189.16,454.75,402.89,362.01,342.57,447.13,398.06,357.18,337.74,438.38,393.27,352.39,332.95
376,2019-03-18,s12 , 03/2019,251.31,221.7,200.58,190.46,461.61,405.28,364.51,344.33,454.21,400.04,359.27,339.09,446.12,394.41,353.64,333.46
377,2019-03-25,s13 , 03/2019,255.38,224.47,201.98,189.4,470.77,408.25,366.48,343.15,463.18,401.82,360.05,336.72,454.85,397.58,355.81,332.48
378,2019-04-01,s14 , 04/2019,257.83,224.92,203.72,190.99,473.1,410.21,369.26,345.37,463.51,402.75,361.8,337.91,458.86,400.03,359.08,335.19
379,2019-04-08,s15 , 04/2019,257.97,225.52,202.69,190.8,475.28,412.15,368.38,345.44,464.47,403.26,359.49,336.55,456.96,397.52,353.75,330.81
380,2019-04-15,s16 , 04/2019,259.16,224.81,202.0,189.46,475.39,411.18,367.2,342.68,464.14,401.93,357.95,333.43,457.91,399.08,355.1,330.58
381,2019-04-22,s17 , 04/2019,258.41,225.88,202.56,191.0,473.67,413.08,369.01,344.89,463.55,405.63,361.56,337.44,455.9,400.73,356.66,332.54
382,2019-04-29,s18 , 04/2019,258.7,226.04,204.62,192.66,474.27,413.13,370.46,346.93,464.82,405.53,362.86,339.33,454.94,402.23,359.56,336.03
383,2019-05-06,s19 , 05/2019,256.06,224.71,204.1,193.32,469.64,411.88,370.15,348.17,459.65,404.26,362.53,340.55,450.66,399.49,357.76,335.78
384,2019-05-13,s20 , 05/2019,256.63,225.62,204.47,193.04,467.39,412.79,370.96,348.49,458.64,405.34,363.51,341.04,449.59,399.01,357.18,334.71
385,2019-05-20,s21 , 05/2019,252.07,224.27,204.38,193.38,461.06,412.09,370.63,348.57,451.15,404.0,362.54,340.48,442.74,398.6,357.14,335.08
386,2019-05-27,s22 , 05/2019,246.66,224.16,204.61,193.18,450.05,411.42,371.17,348.94,439.44,403.12,362.87,340.64,430.02,398.88,358.63,336.4
387,2019-06-03,s23 , 06/2019,246.71,225.21,203.75,192.05,449.11,411.25,370.5,346.76,439.02,403.52,362.77,339.03,430.67,396.68,355.93,332.19
388,2019-06-10,s24 , 06/2019,243.84,225.07,203.52,192.0,446.25,412.09,370.79,346.38,435.74,404.38,363.08,338.67,428.5,400.23,358.93,334.52
389,2019-06-17,s25 , 06/2019,243.89,225.04,203.07,191.27,445.97,411.95,369.48,345.67,437.29,405.16,362.69,338.88,429.42,399.83,357.36,333.55
390,2019-06-24,s26 , 06/2019,243.99,225.74,204.23,191.57,446.44,413.13,371.15,345.73,437.69,405.19,363.21,337.79,428.76,400.59,358.61,333.19
391,2019-07-01,s27 , 07/2019,246.42,227.04,204.91,192.69,449.34,414.17,371.91,348.31,439.27,406.28,364.02,340.42,432.19,401.94,359.68,336.08
392,2019-07-08,s28 , 07/2019,244.52499999999998,226.13,204.675,192.20499999999998,445.88,412.85,372.05,347.86,435.59,405.14,364.34,340.14,428.5,400.59,359.8,335.59
393,2019-07-15,s29 , 07/2019,242.63,225.22,204.44,191.72,442.41,411.52,372.18,347.4,431.92,404.0,364.66,339.88,424.82,399.24,359.9,335.12
394,2019-07-22,s30 , 07/2019,240.34,224.47,204.32,192.84,435.83,409.22,372.01,349.23,424.65,400.53,363.32,340.54,417.34,396.52,359.31,336.53
395,2019-07-29,s31 , 07/2019,240.6,225.86,204.79,192.53,438.14,411.56,373.0,348.62,426.1,403.4,364.84,340.46,419.01,398.54,359.98,335.6
396,2019-08-05,s32 , 08/2019,239.05,225.24,204.07,191.42,435.57,410.75,372.02,346.81,423.01,402.45,363.72,338.51,417.51,398.68,359.95,334.74
397,2019-08-12,s33 , 08/2019,238.53,224.71,204.38,192.61,435.07,410.07,372.5,348.15,422.78,401.65,364.08,339.73,418.59,397.67,360.1,335.75
398,2019-08-19,s34 , 08/2019,236.31,224.06,204.64,192.51,430.84,408.42,372.16,347.45,417.54,398.76,362.5,337.79,412.26,395.01,358.75,334.04
399,2019-08-26,s35 , 08/2019,234.05,221.58,204.05,191.1,424.96,405.36,370.86,345.57,410.41,396.63,362.13,336.84,406.54,394.03,359.53,334.24
400,2019-09-02,s36 , 09/2019,220.06,204.26,191.61,186.12,401.29,371.61,346.76,336.84,390.06,362.19,337.34,327.42,387.3,359.18,334.33,324.41
401,2019-09-09,s37 , 09/2019,219.36,202.89,190.83,185.28,400.03,369.85,345.9,335.98,389.5,360.74,336.79,326.87,386.64,356.7,332.75,322.83
402,2019-09-16,s38 , 09/2019,218.96,202.67,190.4,185.77,399.47,369.11,345.11,335.86,389.24,360.41,336.41,327.16,386.02,359.47,335.47,326.22
403,2019-09-23,s39 , 09/2019,219.97,203.52,190.82,185.8,400.84,370.56,345.9,336.03,390.69,362.39,337.73,327.86,387.54,359.04,334.38,324.51
404,2019-09-30,s40 , 09/2019,219.9,204.12,190.97,186.52,400.98,372.14,346.05,337.22,391.67,364.4,338.31,329.48,388.52,361.8,335.71,326.88
405,2019-10-07,s41 , 10/2019,219.21,204.01,191.2,185.65,401.31,372.4,347.28,336.34,391.06,364.08,338.96,328.02,388.78,360.86,335.74,324.8
406,2019-10-14,s42 , 10/2019,219.85,204.64,191.74,185.44,403.61,373.15,348.26,336.22,393.97,364.8,339.91,327.87,390.74,361.19,336.3,324.26
407,2019-10-21,s43 , 10/2019,221.07,204.69,191.88,185.62,405.51,373.29,348.5,336.75,395.76,365.4,340.61,328.86,392.66,361.15,336.36,324.61
408,2019-10-28,s44 , 10/2019,222.69,205.27,192.26,185.12,407.8,373.63,349.13,336.0,397.93,366.03,341.53,328.4,395.81,361.76,337.26,324.13
409,2019-11-04,s45 , 11/2019,221.89,204.86,193.36,187.26,406.17,373.54,350.74,338.12,396.47,365.53,342.73,330.11,392.89,361.84,339.04,326.42
410,2019-11-11,s46 , 11/2019,223.5,205.54,193.91,186.87,408.54,374.96,351.7,337.64,398.67,366.93,343.67,329.61,395.64,363.51,340.25,326.19
411,2019-11-18,s47 , 11/2019,222.71,204.72,192.9,185.95,407.33,373.83,349.61,336.32,397.43,366.26,342.04,328.75,395.1,363.42,339.2,325.91
412,2019-11-25,s48 , 11/2019,222.9,205.11,192.23,185.03,408.28,374.2,348.96,335.35,398.85,367.37,342.13,328.52,396.05,364.09,338.85,325.24
413,2019-12-02,s49 , 12/2019,223.08,205.4,192.05,185.22,408.13,374.32,348.69,335.62,398.53,366.35,340.72,327.65,396.5,364.38,338.75,325.68
414,2019-12-09,s50 , 12/2019,223.34,205.83,193.76,186.86,408.19,374.91,351.03,337.96,398.31,366.63,342.75,329.68,396.25,364.59,340.71,327.64
415,2019-12-16,s51 , 12/2019,224.09,205.97,193.63,186.8,409.17,375.13,350.76,337.65,398.91,366.25,341.88,328.77,397.87,364.77,340.4,327.29
416,2019-12-23,s52 , 12/2019,224.71,205.75,193.65,185.95,410.59,375.5,350.78,337.02,400.35,367.13,342.41,328.65,398.66,365.17,340.45,326.69
417,2019-12-30,s01 , 12/2019,228.0,207.01,192.61,185.43,415.79,377.22,350.1,336.6,406.4,368.72,341.6,328.1,403.31,365.71,338.59,325.09
418,2020-01-06,s02 , 01/2020,229.7,207.49,192.83,186.97,419.28,378.28,351.3,338.69,409.59,369.58,342.6,329.99,405.74,366.39,339.41,326.8
419,2020-01-13,s03 , 01/2020,234.54,210.1,195.23,186.29,428.31,383.2,354.23,338.5,419.13,375.39,346.42,330.69,416.27,372.89,343.92,328.19
420,2020-01-20,s04 , 01/2020,235.7,209.67,194.96,187.13,429.8,382.23,354.17,339.0,420.9,374.71,346.65,331.48,419.19,373.01,344.95,329.78
421,2020-01-27,s05 , 01/2020,236.34,210.91,196.78,189.32,432.16,383.91,355.86,341.22,422.67,376.82,348.77,334.13,420.57,374.78,346.73,332.09
422,2020-02-03,s06 , 02/2020,238.08,212.15,198.1,189.89,435.55,385.94,357.8,342.49,425.87,378.34,350.2,334.89,422.31,375.24,347.1,331.79
423,2020-02-10,s07 , 02/2020,240.13,213.11,198.32,190.1,438.87,387.7,358.94,343.36,428.43,379.49,350.73,335.15,425.93,376.41,347.65,332.07
424,2020-02-17,s08 , 02/2020,239.21,213.05,198.18,190.65,437.1,387.24,358.4,344.11,426.93,379.52,350.68,336.39,425.05,377.65,348.81,334.52
425,2020-02-24,s09 , 02/2020,238.72,212.57,197.97,189.44,436.15,386.58,358.21,342.48,425.99,378.69,350.32,334.59,424.67,376.97,348.6,332.87
426,2020-03-02,s10 , 03/2020,237.57,212.24,198.12,189.46,433.19,386.47,358.43,342.82,422.35,378.28,350.24,334.63,419.07,374.44,346.4,330.79
427,2020-03-09,s11 , 03/2020,236.83,212.08,198.58,190.42,430.58,386.71,359.11,343.93,420.3,377.55,349.95,334.77,416.46,374.1,346.5,331.32
428,2020-03-16,s12 , 03/2020,231.31,211.2,197.58,189.56,417.9,385.36,357.63,342.66,408.21,377.31,349.58,334.61,403.92,373.17,345.44,330.47
429,2020-03-23,s13 , 03/2020,220.15,209.14,196.12,187.94,397.98,381.28,355.53,340.31,388.51,374.32,348.57,333.35,384.44,369.32,343.57,328.35
430,2020-03-30,s14 , 03/2020,212.97,206.04,194.56,186.22,383.23,374.7,353.46,337.81,372.92,366.2,344.96,329.31,369.47,363.09,341.85,326.2
431,2020-04-06,s15 , 04/2020,207.5,203.9,193.73,185.06,373.27,370.83,352.24,336.08,363.07,363.11,344.52,328.36,359.8,359.26,340.67,324.51
432,2020-04-13,s16 , 04/2020,203.71,202.32,193.62,185.48,365.94,368.0,351.84,336.84,356.17,360.66,344.5,329.5,351.98,356.65,340.49,325.49
433,2020-04-20,s17 , 04/2020,194.02,198.39,191.16,184.68,346.73,358.71,347.93,335.2,336.57,350.54,339.76,327.03,333.2,347.3,336.52,323.79
434,2020-04-27,s18 , 04/2020,189.35,194.84,189.57,184.28,338.09,352.54,344.27,333.26,327.4,343.78,335.51,324.5,323.58,340.52,332.25,321.24
435,2020-05-04,s19 , 05/2020,189.29,193.44,189.36,183.65,337.74,349.09,343.27,332.95,327.53,341.05,335.23,324.91,324.66,338.21,332.39,322.07
436,2020-05-11,s20 , 05/2020,185.75,190.48,187.96,183.27,330.43,343.55,340.0,331.84,319.6,335.15,331.6,323.44,317.16,332.82,329.27,321.11
437,2020-05-18,s21 , 05/2020,184.32,189.35,185.92,182.5,327.72,341.35,337.1,330.66,316.55,332.23,327.98,321.54,314.63,331.38,327.13,320.69
438,2020-05-25,s22 , 05/2020,184.74,189.43,185.31,181.38,329.27,341.81,336.09,329.24,318.56,332.22,326.5,319.65,316.02,330.53,324.81,317.96
439,2020-06-01,s23 , 06/2020,185.23,189.8,185.57,182.34,330.48,342.03,335.9,329.71,318.75,331.88,325.75,319.56,316.85,330.59,324.46,318.27
440,2020-06-08,s24 , 06/2020,186.19,190.11,185.05,182.07,332.86,342.64,335.15,329.41,320.39,333.79,326.3,320.56,319.38,330.87,323.38,317.64
441,2020-06-15,s25 , 06/2020,189.85,190.81,186.25,182.13,340.03,345.04,337.03,329.74,328.17,336.39,328.38,321.09,326.25,333.68,325.67,318.38
442,2020-06-22,s26 , 06/2020,189.66,190.8,185.27,181.54,339.79,344.58,335.92,328.94,328.38,335.67,327.01,320.03,326.84,334.06,325.4,318.42
443,2020-06-29,s27 , 06/2020,188.67,191.04,185.55,181.46,337.09,344.48,336.12,328.53,325.04,335.34,326.98,319.39,323.41,333.92,325.56,317.97
444,2020-07-06,s28 , 07/2020,187.02,191.19,185.45,181.64,333.47,344.51,335.69,328.42,322.65,336.23,327.41,320.14,320.23,334.07,325.25,317.98
445,2020-07-13,s29 , 07/2020,187.66,191.66,186.03,181.69,334.01,345.2,336.43,328.64,323.68,336.92,328.15,320.36,320.65,333.69,324.92,317.13
446,2020-07-20,s30 , 07/2020,185.09,191.03,185.91,181.04,329.34,343.95,335.95,327.49,318.94,335.63,327.63,319.17,315.58,332.84,324.84,316.38
447,2020-07-27,s31 , 07/2020,185.66,191.4,186.31,181.41,329.97,344.54,336.3,328.23,319.36,336.9,328.66,320.59,315.91,334.35,326.11,318.04
448,2020-08-03,s32 , 08/2020,185.75,191.66,186.21,181.41,330.3,345.3,335.95,328.12,319.3,337.15,327.8,319.97,315.22,334.48,325.13,317.3
449,2020-08-10,s33 , 08/2020,181.16,190.13,186.04,180.63,321.4,342.73,335.6,326.71,310.69,334.52,327.39,318.5,307.42,330.7,323.57,314.68
450,2020-08-17,s34 , 08/2020,178.72,189.94,185.69,180.93,315.92,340.99,334.78,326.47,303.7,330.85,324.64,316.33,302.15,329.4,323.19,314.88
451,2020-08-24,s35 , 08/2020,175.81,189.46,185.13,180.22,310.36,340.13,334.29,325.94,298.98,330.61,324.77,316.42,295.88,328.57,322.73,314.38
452,2020-08-31,s36 , 08/2020,177.81,189.59,184.97,180.38,312.93,340.11,334.12,326.05,300.73,329.91,323.92,315.85,298.49,327.44,321.45,313.38
453,2020-09-07,s37 , 09/2020,189.95,185.12,180.66,177.47,340.13,334.3,326.22,321.06,329.07,325.74,317.66,312.5,329.32,325.19,317.11,311.95
454,2020-09-14,s38 , 09/2020,189.91,185.38,180.83,177.74,340.25,334.32,326.43,320.94,330.16,325.72,317.83,312.34,329.69,324.4,316.51,311.02
455,2020-09-21,s39 , 09/2020,190.89,184.82,180.77,177.47,342.26,334.01,326.28,319.96,332.42,325.33,317.6,311.28,331.49,324.25,316.52,310.2
456,2020-09-28,s40 , 09/2020,195.61,186.98,181.51,176.92,350.31,337.14,327.69,320.15,340.61,328.66,319.21,311.67,338.73,327.05,317.6,310.06
457,2020-10-05,s41 , 10/2020,197.49,188.44,181.89,177.73,355.26,339.38,328.48,321.17,345.89,330.6,319.7,312.39,344.81,329.24,318.34,311.03
458,2020-10-12,s42 , 10/2020,200.31,189.11,182.48,178.3,360.18,340.51,329.17,322.26,350.62,331.58,320.24,313.33,349.44,330.46,319.12,312.21
459,2020-10-19,s43 , 10/2020,198.71,188.36,181.91,178.07,358.24,340.05,328.14,321.24,349.08,331.77,319.86,312.96,346.79,329.63,317.72,310.82
460,2020-10-26,s44 , 10/2020,205.18,189.2,182.26,178.57,369.89,342.4,329.56,322.67,360.78,334.17,321.33,314.44,357.98,332.32,319.48,312.59
461,2020-11-02,s45 , 11/2020,209.2,190.99,184.08,179.73,378.8,345.19,332.8,324.5,369.52,336.48,324.09,315.79,368.16,335.26,322.87,314.57
462,2020-11-09,s46 , 11/2020,212.32,192.94,184.93,180.02,383.97,347.81,334.35,325.22,373.82,339.24,325.78,316.65,372.5,337.41,323.95,314.82
463,2020-11-16,s47 , 11/2020,223.5,195.02,185.47,181.3,405.57,352.86,335.59,327.68,394.53,342.9,325.63,317.72,394.25,342.27,325.0,317.09
464,2020-11-23,s48 , 11/2020,230.49,198.17,186.91,181.67,420.18,357.66,337.32,327.73,408.74,348.09,327.75,318.16,407.94,347.16,326.82,317.23
465,2020-11-30,s49 , 11/2020,225.38,198.73,187.47,181.69,410.1,358.17,337.93,327.64,398.76,348.74,328.5,318.21,397.82,347.42,327.18,316.89
466,2020-12-07,s50 , 12/2020,224.01,197.3,186.96,180.8,406.23,356.68,337.59,326.66,395.01,347.31,328.22,317.29,393.16,346.16,327.07,316.14
467,2020-12-14,s51 , 12/2020,223.8,198.33,186.49,181.15,405.54,358.07,337.0,327.0,394.9,349.44,328.37,318.37,393.74,348.25,327.18,317.18
468,2020-12-21,s52 , 12/2020,224.85000000000002,198.335,186.445,180.87,407.59,358.22,337.19,326.92,397.2,349.31,328.29,318.01,395.73,348.22,327.19,316.92
469,2020-12-28,s53 , 12/2020,225.9,198.34,186.4,180.59,409.64,358.36,337.39,326.83,399.5,349.18,328.21,317.65,397.72,348.18,327.21,316.65
470,2021-01-04,s01 , 01/2021,226.82,199.07,186.21,181.1,411.89,359.63,336.7,326.8,402.11,350.88,327.95,318.05,399.48,349.18,326.25,316.35
471,2021-01-11,s02 , 01/2021,230.16,200.36,187.19,180.84,416.84,361.71,338.19,326.96,407.02,353.28,329.76,318.53,405.17,351.97,328.45,317.22
472,2021-01-18,s03 , 01/2021,233.3,202.41,188.81,181.88,421.55,364.61,340.13,328.64,411.52,356.17,331.69,320.2,409.99,354.88,330.4,318.91
473,2021-01-25,s04 , 01/2021,235.11,202.34,189.53,182.36,424.28,364.84,341.22,328.94,414.63,357.31,333.69,321.41,413.31,355.64,332.02,319.74
474,2021-02-01,s05 , 02/2021,235.68,202.78,189.79,182.12,425.39,365.53,342.17,329.12,415.3,357.65,334.29,321.24,413.59,356.01,332.65,319.6
475,2021-02-08,s06 , 02/2021,237.31,202.91,190.03,182.81,429.05,366.29,342.34,329.32,419.3,358.86,334.91,321.89,417.96,357.36,333.41,320.39
476,2021-02-15,s07 , 02/2021,238.64,202.65,189.08,182.33,430.23,366.02,341.01,328.74,420.69,358.32,333.31,321.04,419.27,356.08,331.07,318.8
477,2021-02-22,s08 , 02/2021,238.27,203.58,190.05,182.18,430.8,367.13,342.12,328.69,420.3,358.85,333.84,320.41,419.67,357.54,332.53,319.1
478,2021-03-01,s09 , 03/2021,234.35,202.55,190.14,181.88,423.16,366.32,342.2,328.86,413.27,357.88,333.76,320.42,411.24,355.69,331.57,318.23
479,2021-03-08,s10 , 03/2021,231.15,203.46,190.05,181.97,417.7,367.12,342.11,328.84,407.01,357.54,332.53,319.26,405.82,356.62,331.61,318.34
480,2021-03-15,s11 , 03/2021,232.79,203.06,190.33,182.49,422.12,367.67,342.83,329.87,410.25,357.85,333.01,320.05,410.02,356.62,331.78,318.82
481,2021-03-22,s12 , 03/2021,234.08,202.52,189.55,182.16,424.27,366.44,342.34,329.66,412.61,357.46,333.36,320.68,411.66,355.37,331.27,318.59
482,2021-03-29,s13 , 03/2021,238.27,203.72,190.04,182.88,432.3,368.54,343.93,330.99,421.36,358.88,334.27,321.33,420.21,357.8,333.19,320.25
483,2021-04-05,s14 , 04/2021,242.37,205.48,190.69,183.11,439.44,371.84,345.04,331.45,428.58,362.31,335.51,321.92,427.14,360.71,333.91,320.32
484,2021-04-12,s15 , 04/2021,256.54,209.04,192.71,183.92,469.48,379.3,349.94,333.71,457.08,369.45,340.09,323.86,456.32,367.68,338.32,322.09
485,2021-04-19,s16 , 04/2021,268.24,215.69,195.68,185.5,493.28,392.06,355.83,336.71,480.25,382.21,345.98,326.86,479.51,380.46,344.23,325.11
486,2021-04-26,s17 , 04/2021,273.79,219.08,197.78,186.23,503.48,399.66,359.05,338.64,491.16,389.29,348.68,328.27,489.92,388.08,347.47,327.06
487,2021-05-03,s18 , 05/2021,282.4,226.92,200.26,187.82,521.04,412.85,364.54,342.39,507.43,402.17,353.86,331.71,506.94,400.97,352.66,330.51
488,2021-05-10,s19 , 05/2021,287.93,228.18,201.68,189.29,530.4,417.74,366.86,344.91,515.22,406.7,355.82,333.87,516.13,406.39,355.51,333.56
489,2021-05-17,s20 , 05/2021,294.23,232.81,202.99,190.19,542.17,425.5,369.16,346.73,527.11,414.79,358.45,336.02,527.83,413.94,357.6,335.17
490,2021-05-24,s21 , 05/2021,304.3,236.82,204.28,190.83,563.17,433.02,372.66,348.9,548.59,422.15,361.79,338.03,549.05,421.96,361.6,337.84
491,2021-05-31,s22 , 05/2021,339.81,246.09,207.2,193.03,631.47,450.24,378.01,352.67,617.06,439.47,367.24,341.9,617.01,438.64,366.41,341.07
492,2021-06-07,s23 , 06/2021,350.75,250.11,208.35,193.94,650.17,459.69,380.05,353.86,633.96,448.73,369.09,342.9,634.8,447.54,367.9,341.71
493,2021-06-14,s24 , 06/2021,375.54,263.16,212.14,196.85,702.74,482.99,387.89,359.83,684.64,470.83,375.73,347.67,684.77,469.8,374.7,346.64
494,2021-06-21,s25 , 06/2021,393.11,274.07,215.47,198.65,735.97,504.41,393.42,362.5,713.79,490.01,379.02,348.1,716.68,491.36,380.37,349.45
495,2021-06-28,s26 , 06/2021,402.66,284.02,218.14,199.37,755.25,524.74,398.83,364.4,729.39,510.61,384.7,350.27,733.37,511.23,385.32,350.89
496,2021-07-05,s27 , 07/2021,408.42,287.32,220.69,201.13,764.67,531.15,403.78,367.45,740.37,516.18,388.81,352.48,743.02,516.88,389.51,353.18
497,2021-07-12,s28 , 07/2021,402.09,284.92,220.63,201.44,752.78,526.89,404.21,367.84,728.72,512.69,390.01,353.64,731.66,512.89,390.21,353.84
498,2021-07-19,s29 , 07/2021,400.75,285.04,222.17,202.39,749.38,525.29,406.59,369.74,724.61,510.4,391.7,354.85,728.01,511.05,392.35,355.5
499,2021-07-26,s30 , 07/2021,392.69,282.99,221.87,202.13,733.43,521.92,405.32,369.46,709.62,507.68,391.08,355.22,712.57,507.62,391.02,355.16
500,2021-08-02,s31 , 08/2021,394.17,284.33,221.55,202.65,736.38,523.78,405.0,369.95,712.91,510.14,391.36,356.31,713.77,509.26,390.48,355.43
501,2021-08-09,s32 , 08/2021,398.83,284.81,223.52,203.4,745.66,525.04,408.39,372.03,722.93,510.78,394.13,357.77,724.23,510.7,394.05,357.69
502,2021-08-16,s33 , 08/2021,403.21,289.04,225.0,204.25,755.15,533.09,410.46,373.44,733.0,518.48,395.85,358.83,734.02,518.71,396.08,359.06
503,2021-08-23,s34 , 08/2021,404.82,290.71,226.03,205.02,757.67,536.54,412.07,374.72,735.57,521.08,396.61,359.26,736.27,521.76,397.29,359.94
504,2021-08-30,s35 , 08/2021,404.59,292.23,225.78,205.39,756.86,539.01,412.21,375.53,734.2,523.89,397.09,360.41,735.64,523.93,397.13,360.45
505,2021-09-06,s36 , 09/2021,292.83,226.46,205.85,190.86,540.8,413.38,376.23,351.21,523.95,400.79,363.64,338.62,524.33,400.34,363.19,338.17
506,2021-09-13,s37 , 09/2021,293.21,226.03,206.33,192.23,540.63,412.66,376.76,352.55,524.25,400.34,364.44,340.23,524.82,400.76,364.86,340.65
507,2021-09-20,s38 , 09/2021,292.53,226.4,206.53,193.62,539.3,412.91,376.54,353.98,523.75,400.11,363.74,341.18,523.42,400.53,364.16,341.6
508,2021-09-27,s39 , 09/2021,285.3,225.11,205.06,193.25,525.66,409.53,374.3,353.12,509.47,396.83,364.24,343.87,509.34,397.37,363.53,342.65
509,2021-10-04,s40 , 10/2021,276.73,224.04,204.37,192.09,508.69,405.71,372.76,351.22,492.05,392.8,363.08,341.92,492.28,392.87,362.24,341.3
510,2021-10-11,s41 , 10/2021,266.68,220.23,203.53,192.81,488.43,399.84,371.15,352.24,472.45,386.96,361.45,342.91,472.36,386.94,360.82,342.15
511,2021-10-18,s42 , 10/2021,261.85,218.06,202.67,191.69,478.55,396.05,369.61,350.33,462.04,382.85,360.29,341.37,462.34,382.96,359.43,340.29
512,2021-10-25,s43 , 10/2021,259.98,216.75,201.72,191.59,474.89,393.79,367.92,350.04,458.91,381.09,358.83,341.67,458.8,381.04,357.51,339.81
513,2021-11-01,s44 , 11/2021,259.19,217.31,201.81,191.84,473.46,394.19,367.12,349.46,457.45,381.59,357.06,339.75,457.45,381.01,356.4,339.36
514,2021-11-08,s45 , 11/2021,255.73,215.71,200.85,191.18,466.18,391.14,365.81,348.09,450.66,379.28,356.35,339.17,450.65,377.99,354.33,337.34
515,2021-11-15,s46 , 11/2021,252.88,215.37,201.46,190.5,462.04,390.73,366.3,347.47,446.76,379.91,356.94,338.86,446.19,377.33,354.64,336.59
516,2021-11-22,s47 , 11/2021,254.12,215.28,200.84,190.35,463.63,390.5,365.63,347.65,448.54,379.67,356.53,339.29,447.48,376.88,353.77,336.53
517,2021-11-29,s48 , 11/2021,255.69,215.55,200.67,191.37,465.92,390.68,365.56,348.52,450.86,379.73,356.12,340.19,450.8,377.52,354.48,338.48
518,2021-12-06,s49 , 12/2021,262.82,216.48,200.91,191.01,480.25,392.53,366.33,348.42,465.35,381.67,357.34,340.49,465.76,380.34,355.22,338.33
519,2021-12-13,s50 , 12/2021,264.6,216.21,201.39,191.64,483.9,392.54,366.6,349.03,469.22,381.89,357.72,340.92,469.01,380.27,355.81,338.92
520,2021-12-20,s51 , 12/2021,265.22,217.07,202.33,191.26,484.86,394.75,368.07,348.76,470.6,384.11,359.75,341.82,470.71,383.15,357.57,339.16
521,2021-12-27,s52 , 12/2021,255.865,217.035,201.47000000000003,190.45,466.46,394.52,366.67,347.45,451.51,383.1,357.85,339.72,451.88,382.47,356.43,338.22
522,2022-01-03,s01 , 01/2022,246.51,217.0,200.61,189.64,448.04,394.3,365.28,346.15,432.43,382.07,355.95,337.61,433.04,381.77,355.3,337.28
523,2022-01-10,s02 , 01/2022,249.88,217.41,200.61,190.34,455.08,394.96,365.55,347.13,439.07,382.89,356.74,339.06,440.09,382.72,355.8,338.74
524,2022-01-17,s03 , 01/2022,252.92,218.69,201.16,189.6,462.01,397.26,366.44,346.74,446.73,385.37,358.07,338.62,446.8,384.99,357.24,338.43
525,2022-01-24,s04 , 01/2022,256.12,220.07,201.49,190.17,466.6,399.44,367.04,347.39,451.53,387.91,358.32,339.04,451.6,387.23,357.36,338.73
526,2022-01-31,s05 , 01/2022,250.79,219.21,201.25,190.06,456.19,398.41,367.41,347.05,441.2,386.83,359.02,339.05,441.08,386.25,358.03,338.34
527,2022-02-07,s06 , 02/2022,239.0,218.3,201.13,189.77,432.31,396.4,366.63,346.76,417.19,384.34,357.93,338.81,416.69,384.25,356.96,338.12
528,2022-02-14,s07 , 02/2022,240.92,219.49,201.4,189.85,436.19,398.91,367.3,346.91,421.8,387.22,358.9,338.99,421.32,387.07,358.42,338.67
529,2022-02-21,s08 , 02/2022,255.87,220.86,202.19,190.14,464.89,402.41,369.24,347.9,449.64,390.36,360.72,339.68,449.61,390.18,360.21,339.55
530,2022-02-28,s09 , 02/2022,257.19,223.04,202.1,190.6,469.03,406.76,369.14,348.44,454.73,394.44,360.19,340.0,453.89,394.16,359.55,339.88
531,2022-03-07,s10 , 03/2022,260.83,224.53,202.14,190.8,477.17,410.24,369.43,348.58,462.27,398.26,360.72,340.3,462.16,397.9,359.71,340.04
532,2022-03-14,s11 , 03/2022,266.45,227.66,203.89,191.57,489.31,416.17,372.06,350.33,474.78,404.34,363.37,342.31,474.24,403.72,362.42,342.01
533,2022-03-21,s12 , 03/2022,260.9,227.84,204.13,191.46,477.76,415.95,372.66,350.49,463.25,404.25,363.74,342.43,463.07,403.83,363.22,341.98
534,2022-03-28,s13 , 03/2022,257.12,228.16,204.59,192.1,469.59,416.68,372.9,350.62,455.33,405.17,364.17,342.6,454.94,404.49,363.37,342.15
535,2022-04-04,s14 , 04/2022,256.59,227.85,204.1,191.66,468.61,416.78,372.09,349.9,454.3,405.4,363.29,341.83,454.11,404.74,362.77,341.39
536,2022-04-11,s15 , 04/2022,248.32,227.31,204.41,191.41,451.74,415.27,372.66,350.03,437.4,403.68,363.83,342.21,437.32,403.38,363.54,341.82
537,2022-04-18,s16 , 04/2022,243.66,226.89,203.78,191.05,443.62,414.7,371.86,349.35,429.34,403.22,363.37,341.53,429.27,403.11,363.24,341.38
538,2022-04-25,s17 , 04/2022,238.21,225.38,202.82,190.63,432.45,411.68,370.32,348.58,418.21,400.2,361.55,340.6,417.81,399.68,361.22,340.2
539,2022-05-02,s18 , 05/2022,232.11,223.29,203.31,190.75,420.07,407.01,370.67,348.89,405.55,394.94,361.33,340.61,405.28,394.89,361.19,340.37
540,2022-05-09,s19 , 05/2022,236.78,224.29,202.94,190.93,430.24,409.29,370.32,349.24,415.33,397.71,361.59,341.27,415.73,397.62,361.17,340.93
541,2022-05-16,s20 , 05/2022,245.22,226.9,203.94,191.78,447.17,414.6,372.04,350.57,432.64,403.02,363.61,342.49,432.04,402.58,362.72,342.06
542,2022-05-23,s21 , 05/2022,239.66,225.36,202.82,191.72,435.88,412.09,370.46,350.1,421.92,400.6,361.46,342.0,421.64,400.44,361.33,341.83
543,2022-05-30,s22 , 05/2022,230.77,223.47,202.97,191.42,416.37,407.16,370.1,349.4,403.08,396.46,361.44,341.55,402.93,395.97,361.16,341.28
544,2022-06-06,s23 , 06/2022,231.69,224.21,203.04,191.49,420.85,409.1,370.3,349.47,407.83,398.21,361.67,341.72,407.43,397.79,361.4,341.43
545,2022-06-13,s24 , 06/2022,224.84,221.09,202.6,191.33,408.06,403.3,369.56,349.07,394.87,392.25,360.66,341.43,394.18,391.97,360.49,340.98
546,2022-06-20,s25 , 06/2022,219.78,219.24,202.48,190.82,397.97,399.52,369.18,348.3,384.63,388.06,360.06,340.65,384.62,388.0,359.76,340.15
547,2022-06-27,s26 , 06/2022,215.47,218.0,201.23,190.39,390.48,396.76,367.52,347.27,377.83,385.24,358.65,339.48,377.53,385.32,357.91,338.91
548,2022-07-04,s27 , 07/2022,212.39,215.83,200.55,189.57,384.84,393.05,366.48,346.44,371.64,381.46,356.89,338.55,371.63,381.55,356.9,338.46
549,2022-07-11,s28 , 07/2022,209.66,213.45,199.86,189.64,379.87,389.35,365.46,346.47,366.45,377.97,356.09,338.53,366.72,377.96,356.23,338.56
550,2022-07-18,s29 , 07/2022,213.47,213.58,200.41,189.86,388.43,389.91,366.32,346.67,375.49,378.42,356.74,338.4,375.25,378.17,356.71,338.04
551,2022-07-25,s30 , 07/2022,206.66,209.81,199.97,189.6,374.24,382.6,365.53,345.96,361.74,371.52,356.1,337.93,361.6,371.18,356.02,337.85
552,2022-08-01,s31 , 08/2022,202.31,206.16,199.4,189.05,366.82,375.32,364.36,344.91,354.06,363.74,355.11,336.66,353.73,363.75,354.91,336.25
553,2022-08-08,s32 , 08/2022,200.51,204.65,198.74,188.43,364.07,373.19,363.5,344.48,351.52,362.18,354.56,336.59,351.49,361.84,354.35,336.22
554,2022-08-15,s33 , 08/2022,198.28,202.99,198.83,188.69,360.08,369.83,363.54,344.42,347.49,358.69,354.66,336.35,347.32,358.35,354.12,335.93
555,2022-08-22,s34 , 08/2022,191.73,200.32,198.12,188.82,346.47,364.16,361.44,344.03,333.84,352.93,352.89,336.06,333.65,352.44,352.49,335.92
556,2022-08-29,s35 , 08/2022,190.19,198.51,196.78,188.07,343.85,361.4,359.4,343.39,331.13,350.33,350.69,335.45,331.14,349.83,350.64,335.44
557,2022-09-05,s36 , 09/2022,195.14,195.02,187.8,181.06,354.8,355.18,342.47,331.62,343.5,346.17,334.29,324.25,343.41,345.9,334.32,323.81
558,2022-09-12,s37 , 09/2022,192.65,192.08,187.31,181.4,349.87,350.31,341.64,331.4,339.08,341.21,333.89,324.35,338.66,340.85,333.63,323.78
559,2022-09-19,s38 , 09/2022,190.65,190.36,186.16,181.18,346.49,346.92,339.91,331.22,335.8,338.16,332.51,324.29,335.24,337.57,332.12,324.08
560,2022-09-26,s39 , 09/2022,183.84,185.85,183.81,179.87,333.47,338.7,335.88,329.27,322.81,329.83,328.32,322.34,322.14,329.53,328.25,322.33
561,2022-10-03,s40 , 10/2022,177.58,181.82,181.86,178.72,321.69,331.24,332.03,327.42,311.17,322.46,324.68,320.77,310.52,322.26,324.48,320.65
562,2022-10-10,s41 , 10/2022,168.82,176.21,178.56,176.48,305.23,321.23,326.44,323.21,294.48,312.2,318.82,316.17,294.08,311.83,318.49,316.01
563,2022-10-17,s42 , 10/2022,165.2,172.99,176.09,175.23,298.92,315.21,321.86,320.75,288.91,306.9,314.35,313.81,288.59,306.67,314.07,313.44
564,2022-10-24,s43 , 10/2022,165.46,172.14,174.64,174.62,299.99,313.92,319.11,319.62,290.26,305.38,311.54,312.68,289.82,304.85,311.19,312.25
565,2022-10-31,s44 , 10/2022,166.82,172.45,173.88,174.07,302.89,315.23,318.33,318.86,293.68,306.96,310.82,312.0,292.51,306.11,310.53,311.83
566,2022-11-07,s45 , 11/2022,165.22,171.93,173.78,173.93,300.26,314.39,318.52,318.48,290.75,305.85,310.99,311.53,289.62,305.22,310.42,311.14
567,2022-11-14,s46 , 11/2022,161.72,170.93,172.68,172.71,293.49,312.1,315.71,315.89,284.12,303.54,308.35,309.08,283.04,302.89,307.6,308.33
568,2022-11-21,s47 , 11/2022,160.49,170.09,171.47,171.49,291.2,310.82,313.83,314.21,282.06,302.89,306.69,307.64,281.5,302.57,306.24,307.15
569,2022-11-28,s48 , 11/2022,158.94,169.3,170.86,170.77,288.17,309.2,312.71,313.07,279.64,301.39,305.46,306.8,278.65,301.18,305.08,305.99
570,2022-12-05,s49 , 12/2022,152.61,166.54,168.65,169.17,275.95,303.83,308.54,309.66,267.77,296.35,301.54,303.1,266.99,296.08,301.19,302.61
571,2022-12-12,s50 , 12/2022,148.34,164.36,166.58,167.97,267.75,300.07,304.98,307.67,260.0,292.74,297.65,300.63,259.48,292.54,297.63,300.51
572,2022-12-19,s51 , 12/2022,144.99,160.97,164.89,166.79,261.18,293.64,301.58,304.95,253.88,286.78,294.94,298.74,253.62,286.44,294.73,298.22
573,2022-12-26,s52 , 12/2022,143.76,158.71,163.12,165.36,259.13,289.25,298.5,302.78,252.13,282.36,291.65,296.53,251.58,281.83,291.2,296.03
574,2023-01-02,s01 , 01/2023,139.56,157.12,161.99,164.98,250.79,285.69,296.01,301.55,243.86,279.0,289.38,295.36,243.49,278.56,289.14,294.76
575,2023-01-09,s02 , 01/2023,127.21,141.93,157.51,161.3,224.95,254.86,285.61,293.8,219.17,248.38,279.06,287.6,219.29,248.36,279.22,287.38
576,2023-01-16,s03 , 01/2023,120.53,135.58,148.92,156.52,212.85,242.31,269.4,285.05,207.22,235.98,262.84,278.7,207.37,235.83,262.63,278.27
577,2023-01-23,s04 , 01/2023,116.83,132.25,143.26,153.36,205.53,235.69,258.11,278.36,200.76,230.09,252.03,272.3,200.67,229.94,251.67,271.99
578,2023-01-30,s05 , 01/2023,114.19,129.37,138.83,149.73,200.01,230.29,249.33,271.9,195.74,225.09,243.72,266.31,195.82,224.92,243.24,265.92
579,2023-02-06,s06 , 02/2023,113.18,127.49,137.45,148.23,198.32,226.71,246.9,268.35,194.5,221.73,241.44,262.97,194.39,221.49,241.08,262.79
580,2023-02-13,s07 , 02/2023,112.28,127.1,136.7,146.41,196.07,225.83,245.16,264.7,192.19,220.99,239.55,259.16,192.34,220.8,239.54,258.89
581,2023-02-20,s08 , 02/2023,110.91,126.11,135.87,145.82,193.75,224.63,243.75,263.77,190.19,219.99,238.63,258.68,190.2,219.88,238.16,258.26
582,2023-02-27,s09 , 02/2023,109.87,125.77,135.17,144.71,191.54,223.34,242.19,261.76,188.49,218.81,236.9,256.48,188.21,218.57,236.54,256.21
583,2023-03-06,s10 , 03/2023,108.82,124.38,134.33,144.11,189.73,220.69,240.58,260.47,186.85,216.06,235.27,255.06,186.45,215.89,234.81,254.59
584,2023-03-13,s11 , 03/2023,107.04,121.63,132.68,143.28,186.86,215.37,237.69,258.67,184.42,210.95,232.51,253.34,183.95,210.75,232.09,253.01
585,2023-03-20,s12 , 03/2023,105.5,120.05,130.87,141.48,183.72,212.54,234.48,255.58,181.35,208.16,229.28,250.23,181.28,208.07,228.87,249.87
586,2023-03-27,s13 , 03/2023,104.88,118.27,129.79,139.63,182.3,208.79,232.08,252.04,179.96,205.02,227.47,247.3,179.93,204.94,227.47,247.27
587,2023-04-03,s14 , 04/2023,102.75,115.35,126.47,136.56,178.32,203.2,225.29,245.58,176.52,199.77,221.33,241.48,176.55,199.82,221.09,241.3
588,2023-04-10,s15 , 04/2023,101.25,113.01,124.52,135.2,175.58,198.87,221.5,242.81,174.2,195.65,217.59,238.77,174.08,195.6,217.48,238.66
589,2023-04-17,s16 , 04/2023,98.99,110.25,121.77,132.9,171.29,193.44,216.29,238.24,170.15,190.54,212.81,234.23,170.21,190.65,212.69,234.22
590,2023-04-24,s17 , 04/2023,97.33,107.66,118.89,130.61,168.21,188.45,210.48,233.39,167.23,185.74,207.23,229.93,167.3,185.87,207.24,229.92
591,2023-05-01,s18 , 05/2023,96.4,104.66,114.94,125.88,166.26,182.45,202.92,224.7,165.3,180.05,199.72,221.21,165.47,179.89,199.45,221.16
592,2023-05-08,s19 , 05/2023,96.19,103.1,113.1,123.97,166.23,179.54,199.34,220.42,165.52,177.26,196.35,216.92,165.59,177.22,196.09,216.93
593,2023-05-15,s20 , 05/2023,97.33,108.53,117.03,125.07,168.48,190.53,206.76,223.14,167.58,188.37,203.66,219.82,167.76,188.38,203.57,219.67
594,2023-05-22,s21 , 05/2023,99.52,116.69,125.77,132.56,172.25,206.42,223.98,237.62,171.25,203.98,220.66,233.99,171.34,203.94,220.63,233.91
595,2023-05-29,s22 , 05/2023,99.6,113.33,122.93,131.29,171.78,199.1,218.27,234.6,170.86,196.61,214.99,231.03,170.96,196.59,214.99,231.07
596,2023-06-05,s23 , 06/2023,98.57,111.25,121.87,129.57,170.37,195.57,216.72,232.36,169.5,193.24,213.4,228.65,169.51,193.3,213.3,228.63
597,2023-06-12,s24 , 06/2023,98.92,111.04,120.7,129.3,170.4,194.34,214.0,230.92,169.55,192.22,211.02,227.62,169.61,192.15,210.86,227.41
598,2023-06-19,s25 , 06/2023,98.93,110.67,120.42,129.16,169.94,193.15,212.9,229.95,169.17,191.19,210.02,226.71,169.21,191.22,210.04,226.41
599,2023-06-26,s26 , 06/2023,99.26,111.62,121.53,129.48,169.75,194.77,214.69,230.81,169.03,192.87,211.94,227.75,169.03,192.95,211.93,227.65
600,2023-07-03,s27 , 07/2023,99.08,113.6,123.2,131.3,168.9,198.14,217.51,233.86,168.22,196.24,214.92,230.95,168.28,196.38,214.8,230.92
601,2023-07-10,s28 , 07/2023,99.85,115.25,124.88,133.08,169.34,200.55,220.0,236.67,168.81,198.75,217.39,233.8,168.8,198.82,217.39,233.77
602,2023-07-17,s29 , 07/2023,99.76,115.52,125.95,133.99,168.21,200.12,221.01,237.8,167.81,198.24,218.27,234.58,167.82,198.3,218.36,234.48
603,2023-07-24,s30 , 07/2023,100.17,116.04,126.48,134.58,168.18,200.5,221.63,238.68,167.86,198.81,218.79,235.5,167.88,198.8,218.67,235.42
604,2023-07-31,s31 , 07/2023,100.26,115.6,126.02,134.62,167.99,199.75,220.91,238.86,167.62,197.97,218.11,235.68,167.62,198.08,218.33,235.88
605,2023-08-07,s32 , 08/2023,99.99,116.28,126.33,135.29,167.02,200.49,221.13,239.52,166.55,198.65,218.38,236.27,166.57,198.72,218.52,236.21
606,2023-08-14,s33 , 08/2023,99.64,115.67,126.01,135.06,166.47,199.12,220.5,239.25,166.21,197.39,217.96,236.27,166.24,197.42,217.93,236.29
607,2023-08-21,s34 , 08/2023,99.54,114.71,125.55,135.66,166.15,196.86,219.22,239.77,165.92,195.17,216.64,236.71,165.97,195.25,216.66,236.73
608,2023-08-28,s35 , 08/2023,99.24,113.09,123.52,134.28,165.22,193.53,215.06,237.23,164.91,191.55,212.21,233.9,164.96,191.7,212.39,234.02
609,2023-09-04,s36 , 09/2023,111.82,122.16,133.9,144.85,191.45,212.51,236.31,258.88,189.74,209.78,233.35,255.56,189.88,209.97,233.37,255.65
610,2023-09-11,s37 , 09/2023,111.64,121.84,133.68,144.44,190.86,211.87,235.79,257.69,189.3,209.35,232.98,254.81,189.34,209.25,232.91,254.56
611,2023-09-18,s38 , 09/2023,111.05,121.09,133.0,143.82,189.71,210.34,234.82,256.38,188.24,207.71,232.03,253.5,188.29,207.62,231.89,253.32
612,2023-09-25,s39 , 09/2023,112.86,122.55,134.45,144.26,193.29,213.31,237.35,257.15,191.63,210.62,234.54,254.16,191.81,210.57,234.52,254.14
613,2023-10-02,s40 , 10/2023,115.76,125.9,136.39,145.79,199.02,219.61,241.03,260.36,197.34,216.93,238.32,257.25,197.46,216.82,238.24,257.09
614,2023-10-09,s41 , 10/2023,125.54,133.83,141.84,149.35,218.74,235.48,252.04,267.24,216.92,232.61,249.21,264.16,217.07,232.48,249.18,263.92
615,2023-10-16,s42 , 10/2023,125.21,134.26,143.59,149.56,218.49,236.72,255.44,267.56,216.63,233.76,252.55,264.13,216.84,234.1,252.68,264.21
616,2023-10-23,s43 , 10/2023,125.34,135.32,144.45,149.97,218.53,238.44,256.96,268.06,216.73,235.7,254.26,265.07,216.85,235.78,254.29,265.12
617,2023-10-30,s44 , 10/2023,128.15,138.18,147.18,151.7,223.66,244.04,262.17,271.33,221.92,241.35,259.4,268.31,221.99,241.35,259.36,268.28
618,2023-11-06,s45 , 11/2023,128.8,138.4,147.71,151.92,224.67,244.29,262.9,271.77,222.94,241.57,259.87,268.7,222.97,241.45,259.89,268.66
619,2023-11-13,s46 , 11/2023,133.22,143.37,150.81,153.05,233.98,254.73,269.38,274.7,232.05,251.76,266.19,271.36,232.13,251.97,266.35,271.54
620,2023-11-20,s47 , 11/2023,138.23,147.4,152.71,155.97,244.39,263.19,273.83,280.25,242.58,260.46,270.84,277.01,242.58,260.41,270.87,277.02
621,2023-11-27,s48 , 11/2023,133.99,146.63,154.0,157.93,235.7,260.85,276.24,284.39,233.58,257.96,273.11,281.08,233.64,258.24,273.28,281.24
622,2023-12-04,s49 , 12/2023,134.75,147.62,154.41,158.7,237.34,263.01,276.67,285.59,235.47,260.46,273.84,282.47,235.44,260.37,273.74,282.37
623,2023-12-11,s50 , 12/2023,138.66,149.94,156.14,159.65,245.25,267.72,280.74,287.78,243.33,265.12,277.9,284.74,243.35,265.1,277.93,284.7
624,2023-12-18,s51 , 12/2023,141.21,153.48,159.35,161.34,250.67,275.2,286.58,291.16,248.71,272.54,283.69,288.02,248.88,272.66,283.77,288.1
625,2023-12-25,s52 , 12/2023,138.82,152.23,159.74,161.63,245.03,272.02,286.97,291.44,243.15,269.47,284.15,288.57,243.17,269.42,284.11,288.48
626,2024-01-01,s01 , 01/2024,138.16,152.67,159.35,161.96,244.48,273.96,287.21,293.07,242.43,271.2,284.42,290.16,242.46,271.16,284.39,290.19
627,2024-01-08,s02 , 01/2024,144.11,159.76,163.9,165.75,256.61,287.9,296.27,300.27,254.7,285.28,293.36,297.14,254.73,285.34,293.4,297.18
628,2024-01-15,s03 , 01/2024,154.15,169.31,172.06,174.79,276.79,306.98,313.05,318.99,274.96,304.34,309.97,315.71,275.02,304.36,310.03,315.8
629,2024-01-22,s04 , 01/2024,151.56,167.04,171.31,174.11,271.17,302.36,311.13,317.12,269.25,299.84,308.25,314.1,269.18,299.75,308.21,313.95
630,2024-01-29,s05 , 01/2024,170.19,180.38,181.72,183.04,308.48,329.56,332.78,334.52,306.28,326.58,329.57,331.04,306.2,326.49,329.6,331.04
631,2024-02-05,s06 , 02/2024,191.34,190.91,189.6,189.27,350.91,351.16,347.79,346.72,348.13,347.66,344.06,342.73,348.07,347.63,344.1,342.73
632,2024-02-12,s07 , 02/2024,192.42,185.96,186.5,185.68,351.92,339.1,340.23,338.78,349.21,335.93,336.76,335.13,349.1,335.92,336.79,335.11
633,2024-02-19,s08 , 02/2024,188.76999999999998,184.16000000000003,184.85500000000002,183.79000000000002,343.83,335.03,336.06,334.95,340.99,331.8,332.52,331.29,340.95,331.82,332.61,331.33
634,2024-02-26,s09 , 02/2024,185.12,182.36,183.21,181.9,335.75,330.96,331.88,331.12,332.76,327.67,328.29,327.46,332.8,327.72,328.42,327.56
635,2024-03-04,s10 , 03/2024,192.43,188.41,184.15,180.53,350.25,342.68,333.62,327.4,346.93,339.34,330.27,323.97,346.89,339.34,330.24,323.94
636,2024-03-11,s11 , 03/2024,198.98,194.01,185.01,180.66,363.86,353.76,335.89,327.75,359.58,350.07,332.34,324.1,359.57,350.05,332.31,324.08
637,2024-03-18,s12 , 03/2024,189.79,187.84,182.63,180.14,344.57,341.33,331.35,326.81,339.98,337.27,327.5,322.88,340.03,337.02,327.28,322.7
638,2024-03-25,s13 , 03/2024,189.48,189.05,181.87,178.75,343.93,343.18,329.33,323.74,339.36,338.97,325.5,319.9,339.46,338.98,325.46,319.86
639,2024-04-01,s14 , 04/2024,179.26,180.4,178.94,177.08,323.19,325.89,323.37,320.18,319.04,322.07,319.62,316.53,318.93,321.87,319.56,316.42
640,2024-04-08,s15 , 04/2024,158.95,170.16,169.91,168.96,282.23,304.44,303.83,302.8,278.2,300.59,300.12,299.05,278.48,300.54,300.11,299.08
641,2024-04-15,s16 , 04/2024,162.56,172.89,171.94,170.67,289.37,310.11,308.64,306.63,285.34,306.24,304.81,302.84,285.46,306.17,304.73,302.73
642,2024-04-22,s17 , 04/2024,157.45,170.69,170.98,170.53,278.77,305.95,306.76,306.39,274.76,301.92,302.89,302.5,274.91,301.98,302.82,302.45
643,2024-04-29,s18 , 04/2024,157.32,171.22,170.96,170.43,278.32,306.88,306.67,306.26,274.45,302.85,302.84,302.45,274.55,303.16,302.88,302.61
644,2024-05-06,s19 , 05/2024,164.73,175.43,173.75,172.08,293.27,314.86,311.79,309.05,288.84,310.55,307.41,304.62,289.22,310.67,307.38,304.69
645,2024-05-13,s20 , 05/2024,171.49,177.9,175.75,174.54,306.81,319.76,315.86,313.72,302.63,315.4,311.55,309.43,302.42,315.43,311.46,309.38
646,2024-05-20,s21 , 05/2024,175.64,177.42,176.41,175.36,314.56,319.22,317.42,315.01,310.09,314.68,312.99,310.59,310.14,314.8,312.88,310.52
647,2024-05-27,s22 , 05/2024,186.88,184.22,179.31,177.68,337.47,332.43,322.37,319.19,332.96,327.85,317.92,314.79,332.92,327.63,317.62,314.53
648,2024-06-03,s23 , 06/2024,188.9,187.01,179.73,177.15,341.38,338.31,324.6,319.72,336.6,333.56,320.09,315.31,336.41,333.41,319.83,315.04
649,2024-06-10,s24 , 06/2024,182.27,182.21,177.88,175.82,328.97,328.47,320.56,316.11,324.34,323.92,316.14,311.74,324.22,323.76,315.92,311.57
650,2024-06-17,s25 , 06/2024,190.85,187.94,179.72,176.93,346.57,340.38,324.17,319.13,341.11,335.33,319.23,314.22,341.24,335.18,319.17,314.21
651,2024-06-24,s26 , 06/2024,196.39,192.2,182.9,178.42,357.39,349.24,330.68,322.1,351.72,344.13,325.7,317.25,351.74,344.05,325.59,317.05
652,2024-07-01,s27 , 07/2024,202.99,192.22,181.2,178.3,371.37,349.78,327.95,321.91,364.83,343.92,322.37,316.4,365.33,344.12,322.51,316.65
653,2024-07-08,s28 , 07/2024,197.48,189.51,180.13,176.38,359.4,344.18,325.68,318.66,353.32,338.32,320.21,313.27,353.9,339.22,320.58,314.04
654,2024-07-15,s29 , 07/2024,199.7,190.48,180.96,176.91,364.43,346.42,327.6,319.83,358.21,340.7,322.13,314.55,358.42,340.74,321.97,314.57
655,2024-07-22,s30 , 07/2024,185.59,185.63,178.82,175.68,336.16,336.31,323.27,317.57,329.45,330.06,317.9,312.4,329.74,330.1,317.36,312.04
656,2024-07-29,s31 , 07/2024,190.29,185.46,179.0,175.46,346.37,336.58,323.84,316.79,339.5,330.4,318.57,311.74,340.15,330.36,318.31,311.71
657,2024-08-05,s32 , 08/2024,202.46,189.17,179.85,175.92,370.54,344.34,325.59,318.03,363.35,337.54,319.35,312.26,363.82,337.52,319.49,312.51
658,2024-08-12,s33 , 08/2024,201.92,189.64,180.92,176.31,369.98,345.43,327.65,318.87,362.48,338.54,321.58,313.14,362.98,338.64,321.45,313.18
659,2024-08-19,s34 , 08/2024,205.98,190.78,180.88,176.31,378.17,347.89,328.11,319.07,370.18,340.75,321.93,313.15,371.09,341.09,321.97,313.56
660,2024-08-26,s35 , 08/2024,224.14,198.03,186.37,179.68,414.47,362.83,339.53,325.94,405.75,355.29,332.74,319.7,407.16,355.99,333.2,320.16
661,2024-09-02,s36 , 09/2024,201.85,189.91,180.9,176.84,369.81,345.92,327.86,320.09,360.97,337.86,320.45,312.98,362.25,339.18,321.59,314.17
662,2024-09-09,s37 , 09/2024,200.12,189.08,179.87,176.3,366.83,344.63,326.27,319.65,357.89,337.14,319.43,313.29,359.4,337.87,320.08,313.59
663,2024-09-16,s38 , 09/2024,198.78,186.88,178.24,175.23,364.12,340.58,323.39,317.85,354.63,332.43,316.31,311.24,356.51,333.74,317.23,312.15
664,2024-09-23,s39 , 09/2024,203.09,189.83,180.13,176.11,373.03,346.55,327.08,319.49,362.55,338.39,319.69,313.18,365.03,339.64,320.72,313.92
665,2024-09-30,s40 , 09/2024,203.96,188.24,178.05,175.13,374.86,343.83,323.22,317.5,363.9,334.74,315.38,310.33,367.19,336.49,316.56,311.5
666,2024-10-07,s41 , 10/2024,196.5,186.36,176.05,173.49,360.08,339.64,319.27,314.59,349.02,330.82,311.47,307.59,351.74,332.4,312.67,308.57
