,DIA,SEMANA,MÃŠS,SE/CO Convencional A+1,SE/CO Convencional A+2,SE/CO Convencional A+3,SE/CO Convencional A+4,Sul Convencional A+1,Sul Convencional A+2,Sul Convencional A+3,Sul Convencional A+4,Nordeste Convencional A+1,Nordeste Convencional A+2,Nordeste Convencional A+3,Nordeste Convencional A+4,Norte Convencional A+1,Norte Convencional A+2,Norte Convencional A+3,Norte Convencional A+4
0,2012-01-02,s01 , 01/2012,85.5,91.5,93.0,93.0,84.34,90.45,91.95,91.95,81.39,87.28,89.07,89.28,74.23,82.1,83.81,84.0
1,2012-01-09,s02 , 01/2012,83.0,89.5,92.5,92.5,81.88,88.58,91.58,91.59,78.97,85.45,88.81,88.96,71.42,79.86,83.21,83.35
2,2012-01-16,s03 , 01/2012,81.5,89.0,91.5,91.5,80.38,88.01,90.51,90.51,77.35,84.99,87.85,87.96,69.59,78.79,81.57,81.71
3,2012-01-23,s04 , 01/2012,81.0,89.0,90.5,90.0,79.84,88.05,89.55,89.04,76.83,85.0,86.85,86.37,70.06,79.57,81.36,80.94
4,2012-01-30,s05 , 01/2012,81.0,88.5,89.5,89.5,79.9,87.58,88.58,88.58,77.15,84.96,86.2,86.23,69.91,79.08,80.27,80.37
5,2012-02-06,s06 , 02/2012,80.0,88.5,89.0,89.0,78.81,87.4,87.9,87.9,75.8,84.81,85.63,85.65,69.0,78.89,79.64,79.7
6,2012-02-13,s07 , 02/2012,80.0,88.0,90.0,90.0,78.76,86.85,88.85,88.84,75.5,84.16,86.5,86.56,68.09,77.81,80.02,80.14
7,2012-02-20,s08 , 02/2012,83.0,89.5,89.5,90.0,81.71,88.31,88.33,88.82,78.83,85.62,85.91,86.46,70.88,78.96,79.24,79.76
8,2012-02-27,s09 , 02/2012,89.0,94.5,96.0,97.0,87.64,93.31,94.81,95.81,84.36,90.9,92.75,93.77,75.65,83.85,85.61,86.69
9,2012-03-05,s10 , 03/2012,105.5,103.0,102.5,103.0,104.25,101.86,101.36,101.86,101.08,99.34,99.12,99.68,92.03,92.54,92.28,92.91
10,2012-03-12,s11 , 03/2012,106.5,107.0,106.5,106.0,105.25,105.83,105.33,104.83,101.89,103.16,102.98,102.51,93.14,96.36,96.06,95.69
11,2012-03-19,s12 , 03/2012,107.5,107.0,106.5,106.5,106.16,105.85,105.35,105.35,102.72,103.14,102.96,103.01,94.17,96.22,95.97,96.11
12,2012-03-26,s13 , 03/2012,108.5,108.5,108.0,108.0,107.21,107.37,106.87,106.87,104.26,104.83,104.6,104.68,94.94,96.94,96.66,96.75
13,2012-04-02,s14 , 04/2012,106.5,107.0,106.0,106.0,105.27,105.9,104.9,104.9,102.53,103.55,102.84,102.91,92.88,96.11,95.39,95.5
14,2012-04-09,s15 , 04/2012,106.0,104.5,105.0,105.0,104.85,103.44,103.94,103.94,101.4,100.41,101.18,101.27,93.18,94.01,94.78,94.88
15,2012-04-16,s16 , 04/2012,105.25,104.5,105.0,105.0,104.2,103.56,104.07,104.07,100.71,100.72,101.5,101.61,91.99,93.16,93.94,94.04
16,2012-04-23,s17 , 04/2012,104.0,104.5,104.0,104.0,102.9,103.57,103.07,103.07,99.26,100.69,100.5,100.52,90.47,93.22,93.0,93.03
17,2012-04-30,s18 , 04/2012,103.0,103.5,103.0,103.0,101.82,102.53,102.03,102.03,98.51,99.33,99.12,99.19,89.58,92.41,92.19,92.26
18,2012-05-07,s19 , 05/2012,100.5,101.0,101.0,101.0,99.29,99.89,99.89,99.89,95.55,96.73,97.0,97.1,86.6,89.79,89.99,90.12
19,2012-05-14,s20 , 05/2012,100.5,99.5,99.5,99.5,99.37,98.39,98.39,98.39,95.76,95.58,95.83,95.86,87.23,88.26,88.43,88.51
20,2012-05-21,s21 , 05/2012,102.5,102.0,102.0,101.5,101.46,101.1,101.1,100.6,96.92,97.45,97.73,97.25,88.8,90.55,90.75,90.32
21,2012-05-28,s22 , 05/2012,105.0,103.83,103.92,103.72,103.99,103.02,103.11,102.91,99.33,98.96,99.27,99.14,91.68,92.82,93.1,92.97
22,2012-06-04,s23 , 06/2012,102.0,101.4,101.2,101.2,100.96,100.52,100.32,100.31,95.99,96.12,96.09,96.16,88.48,90.3,90.29,90.37
23,2012-06-11,s24 , 06/2012,99.33,98.17,98.0,98.0,98.3,97.29,97.12,97.12,93.58,93.17,93.19,93.26,85.89,87.22,87.23,87.31
24,2012-06-18,s25 , 06/2012,96.2,95.2,94.0,94.0,95.3,94.35,93.15,93.14,89.89,90.11,89.09,89.21,82.57,84.25,83.22,83.31
25,2012-06-25,s26 , 06/2012,92.0,95.29,95.14,95.14,90.97,94.41,94.26,94.26,85.25,89.77,89.81,89.95,78.52,84.48,84.5,84.58
26,2012-07-02,s27 , 07/2012,90.55,93.16,93.16,93.05,89.43,92.2,92.2,92.09,83.27,87.33,87.57,87.57,76.29,82.15,82.27,82.27
27,2012-07-09,s28 , 07/2012,91.44,93.56,94.65,93.93,90.42,92.67,93.76,93.04,83.65,87.47,88.76,88.22,77.28,82.29,83.53,83.0
28,2012-07-16,s29 , 07/2012,92.44,94.44,94.67,94.89,91.4,93.49,93.7,93.92,84.84,88.5,88.92,89.29,78.28,83.24,83.6,84.0
29,2012-07-23,s30 , 07/2012,92.33,92.33,92.56,92.56,91.2,91.37,91.6,91.6,85.06,86.6,86.99,87.12,77.99,81.05,81.45,81.53
30,2012-07-30,s31 , 07/2012,91.6,93.89,93.79,93.79,90.37,92.96,92.86,92.86,83.89,87.94,88.01,88.16,76.86,82.53,82.54,82.73
31,2012-08-06,s32 , 08/2012,94.33,94.67,94.83,94.83,93.15,93.74,93.9,93.9,86.65,88.95,89.38,89.49,79.23,83.25,83.65,83.75
32,2012-08-13,s33 , 08/2012,94.39,95.22,94.6,94.63,93.37,94.32,93.7,93.73,86.79,89.14,88.74,88.9,79.24,83.69,83.33,83.45
33,2012-08-20,s34 , 08/2012,93.05,93.71,93.59,93.91,92.05,92.89,92.77,93.09,85.45,87.56,87.73,88.14,78.32,82.33,82.43,82.88
34,2012-08-27,s35 , 08/2012,95.54,94.31,94.68,94.01,94.44,93.4,93.76,93.09,87.31,87.83,88.53,87.9,80.3,82.82,83.49,82.94
35,2012-09-03,s36 , 09/2012,99.18,100.13,100.39,100.39,98.19,99.21,99.47,99.47,90.59,93.67,94.21,94.32,83.51,88.51,89.08,89.19
36,2012-09-10,s37 , 09/2012,102.17,102.17,102.33,101.92,101.28,101.31,101.47,101.06,94.77,96.17,96.48,96.17,89.68,91.94,92.25,91.89
37,2012-09-17,s38 , 09/2012,102.09,101.27,100.45,100.27,101.17,100.47,99.65,99.47,94.98,95.38,94.77,94.73,90.39,91.23,90.63,90.48
38,2012-09-24,s39 , 09/2012,104.0,102.4,102.2,102.2,103.08,101.56,101.36,101.36,96.97,96.34,96.43,96.53,91.98,92.83,92.88,93.0
39,2012-10-01,s40 , 10/2012,102.4,101.84,101.84,101.84,101.46,101.04,101.04,101.05,95.12,95.71,96.28,96.58,90.57,92.29,92.72,92.92
40,2012-10-08,s41 , 10/2012,104.67,101.59,101.51,101.51,103.69,100.71,100.62,100.62,97.42,95.41,96.06,96.23,92.86,92.1,92.57,92.76
41,2012-10-15,s42 , 10/2012,110.41,106.79,106.79,106.23,109.38,105.82,105.82,105.26,103.01,100.33,101.04,100.66,98.84,97.29,97.9,97.47
42,2012-10-22,s43 , 10/2012,109.01,106.91,106.91,106.91,107.82,105.79,105.79,105.79,102.26,100.93,101.61,101.67,97.0,97.01,97.51,97.52
43,2012-10-29,s44 , 10/2012,114.06,113.0,111.56,111.31,112.95,111.94,110.5,110.25,108.7,108.33,107.47,107.35,103.1,103.98,102.97,102.78
44,2012-11-05,s45 , 11/2012,112.38,113.23,112.0,111.34,111.15,112.1,110.87,110.22,107.42,108.74,107.91,107.35,100.61,103.47,102.7,102.19
45,2012-11-12,s46 , 11/2012,115.94,112.7,111.4,110.84,114.72,111.62,110.32,109.76,110.95,108.09,107.18,106.76,104.56,103.11,102.13,101.74
46,2012-11-19,s47 , 11/2012,115.56,111.38,108.88,108.25,114.27,110.27,107.77,107.14,110.78,106.94,104.74,104.26,104.27,101.76,99.58,99.1
47,2012-11-26,s48 , 11/2012,114.56,111.22,109.65,109.01,113.15,109.92,108.36,107.72,109.82,106.99,105.7,105.19,102.8,101.56,100.27,99.75
48,2012-12-03,s49 , 12/2012,113.44,111.43,110.14,109.57,112.14,110.34,109.05,108.47,108.72,107.33,106.27,105.93,101.5,101.55,100.52,100.12
49,2012-12-10,s50 , 12/2012,112.6,109.44,106.65,105.63,111.16,108.25,105.46,104.44,108.2,105.4,102.87,101.99,101.44,99.86,97.22,96.32
50,2012-12-17,s51 , 12/2012,115.17,109.36,106.27,106.44,113.97,108.39,105.29,105.46,111.18,105.73,102.83,103.11,104.09,100.09,97.19,97.43
51,2012-12-24,s52 , 12/2012,119.67,111.8,109.8,108.6,118.49,110.69,108.69,107.49,115.32,107.94,106.22,105.22,108.59,102.44,100.59,99.49
52,2012-12-31,s01 , 12/2012,122.88,114.77,111.86,110.86,121.72,113.72,110.81,109.81,118.77,110.55,107.93,107.14,111.61,105.37,102.67,101.86
53,2013-01-07,s02 , 01/2013,129.89,115.94,113.47,113.38,128.77,115.02,112.55,112.47,125.86,111.89,109.78,109.84,118.31,106.3,104.18,104.23
54,2013-01-14,s03 , 01/2013,122.42,114.71,110.44,108.33,121.3,113.72,109.45,107.34,118.27,110.7,106.79,104.79,110.52,104.5,100.51,98.54
55,2013-01-21,s04 , 01/2013,128.0,115.4,110.53,110.23,126.84,114.45,109.58,109.27,123.83,111.4,106.88,106.6,117.06,105.97,101.39,101.17
56,2013-01-28,s05 , 01/2013,127.44,114.33,110.68,108.24,126.34,113.41,109.76,107.32,123.59,110.79,107.38,104.97,116.35,104.91,101.45,99.11
57,2013-02-04,s06 , 02/2013,124.63,110.86,107.27,104.48,123.44,109.76,106.17,103.38,120.43,107.17,103.9,101.13,113.63,101.25,97.91,95.18
58,2013-02-11,s07 , 02/2013,123.83,110.62,105.54,105.35,122.59,109.47,104.39,104.19,119.33,106.78,102.04,101.91,111.92,100.43,95.56,95.49
59,2013-02-18,s08 , 02/2013,122.88,109.31,104.83,104.48,121.59,108.12,103.66,103.3,118.71,105.44,101.24,100.94,110.76,98.77,94.57,94.24
60,2013-02-25,s09 , 02/2013,128.82,116.2,108.65,106.44,127.46,115.01,107.46,105.25,124.18,112.6,105.4,103.21,115.47,105.55,98.26,96.13
61,2013-03-04,s10 , 03/2013,133.91,116.18,108.71,106.74,132.66,115.04,107.57,105.6,129.5,112.52,105.33,103.42,120.44,105.72,98.49,96.65
62,2013-03-11,s11 , 03/2013,139.33,116.73,109.38,108.0,138.08,115.56,108.21,106.83,134.72,112.89,105.86,104.51,125.98,106.09,98.94,97.69
63,2013-03-18,s12 , 03/2013,142.17,123.91,111.64,109.55,140.83,122.76,110.49,108.4,137.39,120.05,108.1,106.06,128.84,113.13,101.11,99.16
64,2013-03-25,s13 , 03/2013,146.46,123.52,112.52,108.73,145.17,122.39,111.39,107.6,142.22,119.85,109.12,105.41,132.9,111.95,101.18,97.48
65,2013-04-01,s14 , 04/2013,150.95,127.47,115.71,112.97,149.72,126.37,114.61,111.87,146.98,124.02,112.55,109.88,137.33,116.58,105.1,102.47
66,2013-04-08,s15 , 04/2013,147.93,124.0,115.0,112.71,146.78,122.94,113.94,111.65,143.33,119.91,111.18,108.98,135.11,113.51,104.78,102.59
67,2013-04-15,s16 , 04/2013,145.77,126.0,114.93,109.92,144.72,125.06,114.0,108.99,141.23,122.22,111.43,106.53,132.51,114.66,103.87,98.96
68,2013-04-22,s17 , 04/2013,145.41,127.0,114.19,109.1,144.31,126.07,113.26,108.17,140.67,123.19,110.69,105.62,131.88,115.72,103.19,98.13
69,2013-04-29,s18 , 04/2013,148.21,128.51,114.31,110.23,147.03,127.54,113.34,109.26,143.72,124.34,110.43,106.42,134.79,117.42,103.5,99.49
70,2013-05-06,s19 , 05/2013,153.15,131.07,115.96,111.82,151.94,129.96,114.85,110.71,148.2,126.8,111.96,107.92,139.25,119.86,104.95,100.94
71,2013-05-13,s20 , 05/2013,157.53,130.94,117.13,113.0,156.4,129.83,116.02,111.89,152.79,127.02,113.46,109.36,144.26,119.7,106.06,102.01
72,2013-05-20,s21 , 05/2013,155.6,130.07,116.77,111.3,154.56,129.17,115.87,110.4,150.03,125.52,112.5,107.05,141.9,118.62,105.52,100.12
73,2013-05-27,s22 , 05/2013,155.93,131.05,117.52,111.53,154.92,130.25,116.71,110.72,150.27,126.18,112.87,106.95,142.61,120.04,106.7,100.78
74,2013-06-03,s23 , 06/2013,154.46,131.7,117.94,112.63,153.42,130.82,117.06,111.74,148.45,126.42,112.83,107.59,140.94,120.6,107.03,101.8
75,2013-06-10,s24 , 06/2013,151.28,130.95,116.8,111.18,150.25,130.07,115.92,110.3,145.53,125.95,111.99,106.44,137.84,120.0,106.03,100.49
76,2013-06-17,s25 , 06/2013,149.94,130.7,115.54,111.13,149.04,129.85,114.69,110.27,143.63,125.61,110.63,106.34,136.31,119.75,104.76,100.44
77,2013-06-24,s26 , 06/2013,146.86,130.45,115.75,111.12,145.83,129.57,114.87,110.24,140.11,124.93,110.42,105.93,133.38,119.63,105.11,100.56
78,2013-07-01,s27 , 07/2013,142.72,130.14,115.39,111.02,141.6,129.18,114.43,110.06,135.44,124.31,109.8,105.54,128.46,119.13,104.5,100.24
79,2013-07-08,s28 , 07/2013,144.19,131.28,116.16,111.81,143.17,130.39,115.27,110.92,136.4,125.19,110.27,106.1,130.03,120.01,105.04,100.88
80,2013-07-15,s29 , 07/2013,144.17,130.59,116.18,111.38,143.13,129.64,115.21,110.41,136.57,124.65,110.43,105.78,130.01,119.39,105.11,100.49
81,2013-07-22,s30 , 07/2013,143.43,131.31,116.5,111.76,142.3,130.35,115.54,110.8,136.16,125.58,110.93,106.32,129.09,120.03,105.39,100.73
82,2013-07-29,s31 , 07/2013,144.89,131.58,117.03,111.52,143.66,130.65,116.1,110.59,137.18,125.63,111.25,105.89,130.15,120.22,105.78,100.46
83,2013-08-05,s32 , 08/2013,147.17,133.49,117.32,112.82,145.99,132.56,116.39,111.89,139.49,127.77,111.88,107.48,132.07,122.07,106.14,101.74
84,2013-08-12,s33 , 08/2013,148.66,132.54,117.98,113.76,147.64,131.64,117.08,112.86,141.06,126.46,112.12,108.03,133.51,121.01,106.71,102.58
85,2013-08-19,s34 , 08/2013,149.76,134.36,118.75,114.29,148.76,133.54,117.93,113.47,142.16,128.22,112.89,108.52,135.03,122.98,107.59,103.26
86,2013-08-26,s35 , 08/2013,149.85,133.64,118.48,113.67,148.75,132.73,117.56,112.75,141.62,127.15,112.33,107.56,134.61,122.15,107.29,102.6
87,2013-09-02,s36 , 09/2013,134.02,118.81,115.73,111.76,133.03,117.89,114.81,110.84,125.43,112.36,109.55,105.69,118.35,107.19,104.42,100.56
88,2013-09-09,s37 , 09/2013,133.18,118.43,113.69,110.22,132.29,117.57,112.83,109.36,125.78,112.43,107.84,104.47,120.69,108.2,103.61,100.19
89,2013-09-16,s38 , 09/2013,133.01,118.09,113.22,111.19,132.09,117.29,112.42,110.39,125.9,112.2,107.54,105.65,121.31,108.05,103.4,101.4
90,2013-09-23,s39 , 09/2013,132.89,118.44,113.35,111.28,131.97,117.59,112.5,110.44,125.86,112.38,107.58,105.61,120.87,108.87,104.03,102.08
91,2013-09-30,s40 , 09/2013,132.19,118.5,112.94,110.29,131.25,117.7,112.14,109.5,124.91,112.37,107.38,105.03,120.36,108.95,103.81,101.37
92,2013-10-07,s41 , 10/2013,132.41,118.97,113.28,110.89,131.42,118.09,112.39,110.0,125.16,112.78,107.83,105.61,120.6,109.48,104.34,102.14
93,2013-10-14,s42 , 10/2013,132.59,117.65,113.94,111.02,131.56,116.68,112.97,110.05,125.19,111.19,108.19,105.45,121.02,108.15,105.05,102.26
94,2013-10-21,s43 , 10/2013,133.16,117.84,113.64,111.45,131.97,116.72,112.52,110.33,126.41,111.86,108.34,106.21,121.15,107.94,104.24,102.06
95,2013-10-28,s44 , 10/2013,134.83,118.4,114.47,111.84,133.72,117.34,113.41,110.78,129.47,113.73,110.38,107.88,123.87,109.38,105.88,103.31
96,2013-11-04,s45 , 11/2013,134.91,119.41,114.59,112.17,133.68,118.28,113.46,111.05,129.95,114.92,110.5,108.18,123.14,109.65,105.29,103.02
97,2013-11-11,s46 , 11/2013,136.26,119.69,115.03,111.97,135.04,118.61,113.95,110.89,131.27,115.08,110.81,107.89,124.88,110.09,105.76,102.87
98,2013-11-18,s47 , 11/2013,137.78,121.23,116.56,113.3,136.49,120.12,115.45,112.19,133.0,116.79,112.42,109.31,126.49,111.61,107.26,104.15
99,2013-11-25,s48 , 11/2013,138.08,121.96,116.54,113.56,136.67,120.66,115.25,112.27,133.34,117.73,112.59,109.74,126.32,112.3,107.16,104.3
100,2013-12-02,s49 , 12/2013,138.26,122.33,116.16,113.41,136.96,121.24,115.07,112.31,133.54,118.23,112.29,109.77,126.32,112.44,106.54,103.96
101,2013-12-09,s50 , 12/2013,137.57,121.93,116.7,113.12,136.13,120.75,115.51,111.93,133.17,117.89,112.92,109.48,126.41,112.35,107.27,103.81
102,2013-12-16,s51 , 12/2013,137.96,122.44,116.29,113.22,136.76,121.47,115.31,112.24,133.97,118.81,112.85,109.89,126.88,113.17,107.21,104.21
103,2013-12-23,s52 , 12/2013,138.87,121.69,115.83,113.06,137.69,120.58,114.72,111.95,134.52,117.83,112.25,109.68,127.79,112.33,106.62,103.95
104,2013-12-30,s01 , 12/2013,138.6,121.73,115.33,113.18,137.44,120.68,114.28,112.13,134.49,117.51,111.4,109.46,127.33,112.33,106.14,104.18
105,2014-01-06,s02 , 01/2014,140.82,123.3,116.82,113.82,139.7,122.38,115.9,112.91,136.79,119.25,113.13,110.28,129.24,113.66,107.53,104.67
106,2014-01-13,s03 , 01/2014,145.54,126.28,118.15,114.77,144.41,125.29,117.16,113.78,141.39,122.27,114.5,111.23,133.63,116.07,108.22,104.98
107,2014-01-20,s04 , 01/2014,149.63,127.96,119.9,115.9,148.47,127.01,118.95,114.94,145.46,123.96,116.25,112.27,138.69,118.53,110.76,106.84
108,2014-01-27,s05 , 01/2014,159.54,133.11,121.06,116.11,158.44,132.19,120.14,115.19,155.69,129.57,117.76,112.84,148.45,123.69,111.83,106.98
109,2014-02-03,s06 , 02/2014,167.16,136.67,122.77,116.72,165.97,135.57,121.67,115.62,162.96,132.98,119.4,113.37,156.16,127.06,113.41,107.42
110,2014-02-10,s07 , 02/2014,171.52,137.39,122.64,117.05,170.28,136.24,121.49,115.89,167.02,133.55,119.14,113.61,159.61,127.2,112.66,107.19
111,2014-02-17,s08 , 02/2014,175.19,138.55,123.83,118.0,173.9,137.37,122.66,116.82,171.02,134.68,120.24,114.46,163.07,128.01,113.57,107.76
112,2014-02-24,s09 , 02/2014,183.27,139.82,123.66,118.4,181.91,138.63,122.47,117.21,178.64,136.22,120.41,115.17,169.92,129.17,113.27,108.09
113,2014-03-03,s10 , 03/2014,188.51,140.94,123.61,118.52,187.26,139.8,122.47,117.38,184.09,137.28,120.23,115.2,175.04,130.48,113.39,108.43
114,2014-03-10,s11 , 03/2014,196.63,140.64,124.83,118.21,195.38,139.47,123.66,117.04,192.02,136.8,121.31,114.72,183.28,130.0,114.39,107.9
115,2014-03-17,s12 , 03/2014,201.17,142.26,126.5,120.58,199.83,141.11,125.35,119.43,196.39,138.4,122.96,117.09,187.84,131.48,115.97,110.19
116,2014-03-24,s13 , 03/2014,211.3,143.86,127.23,121.04,210.01,142.73,126.1,119.91,207.06,140.19,123.83,117.72,197.74,132.3,115.89,109.8
117,2014-03-31,s14 , 03/2014,216.64,145.88,129.37,122.16,215.41,144.78,128.27,121.06,212.67,142.43,126.21,119.07,203.02,134.99,118.76,111.66
118,2014-04-07,s15 , 04/2014,235.27,149.1,132.28,124.09,234.12,148.03,131.22,123.03,230.67,145.01,128.46,120.36,222.45,138.61,122.06,113.97
119,2014-04-14,s16 , 04/2014,257.43,153.19,136.6,124.54,256.38,152.25,135.67,123.61,252.89,149.41,133.1,121.15,244.17,141.85,125.54,113.58
120,2014-04-21,s17 , 04/2014,278.38,157.54,137.88,124.71,277.28,156.61,136.95,123.78,273.64,153.73,134.38,121.23,264.85,146.26,126.88,113.74
121,2014-04-28,s18 , 04/2014,287.26,162.9,140.46,126.43,286.08,161.93,139.49,125.46,282.77,158.73,136.58,122.62,273.84,151.81,129.66,115.69
122,2014-05-05,s19 , 05/2014,293.82,164.5,141.34,128.13,292.61,163.39,140.23,127.02,288.87,160.24,137.34,124.23,279.92,153.29,130.33,117.25
123,2014-05-12,s20 , 05/2014,302.74,166.82,143.01,130.16,301.61,165.71,141.9,129.05,298.0,162.89,139.34,126.52,289.47,155.58,131.94,119.17
124,2014-05-19,s21 , 05/2014,314.99,175.91,146.33,131.91,313.95,175.01,145.43,131.01,309.42,171.36,142.06,127.66,301.29,164.46,135.08,120.73
125,2014-05-26,s22 , 05/2014,321.82,177.66,146.97,131.8,320.81,176.85,146.16,130.99,316.15,172.79,142.32,127.22,308.5,166.65,136.15,121.05
126,2014-06-02,s23 , 06/2014,326.05,179.39,146.37,132.34,325.01,178.51,145.49,131.46,320.04,174.11,141.26,127.3,312.53,168.29,135.46,121.51
127,2014-06-09,s24 , 06/2014,324.43,178.79,146.0,131.29,323.4,177.91,145.12,130.41,318.68,173.79,141.19,126.55,310.99,167.84,135.23,120.6
128,2014-06-16,s25 , 06/2014,342.66,180.07,149.67,133.87,341.76,179.22,148.82,133.01,336.35,174.98,144.76,129.08,329.03,169.12,138.89,123.18
129,2014-06-23,s26 , 06/2014,346.88,180.16,150.88,133.94,345.85,179.28,150.0,133.06,340.13,174.64,145.55,128.75,333.4,169.34,140.24,123.38
130,2014-06-30,s27 , 06/2014,352.5,183.5,151.18,135.52,351.38,182.54,150.22,134.56,345.23,177.67,145.59,130.04,338.24,172.49,140.3,124.75
131,2014-07-07,s28 , 07/2014,356.51,184.38,152.86,135.97,355.49,183.49,151.97,135.08,348.72,178.29,146.97,130.26,342.35,173.11,141.74,125.04
132,2014-07-14,s29 , 07/2014,363.5,189.38,154.47,136.34,362.46,188.43,153.5,135.37,355.9,183.44,148.72,130.74,349.34,178.18,143.4,125.45
133,2014-07-21,s30 , 07/2014,368.29,190.39,155.4,137.46,367.16,189.43,154.44,136.5,361.02,184.66,149.83,132.02,353.95,179.11,144.29,126.43
134,2014-07-28,s31 , 07/2014,374.3,192.94,158.1,140.39,373.07,192.01,157.17,139.46,366.6,186.99,152.32,134.76,359.56,181.58,146.85,129.33
135,2014-08-04,s32 , 08/2014,385.47,196.18,159.86,142.35,384.29,195.25,158.93,141.42,377.79,190.46,154.42,137.01,370.37,184.76,148.68,131.27
136,2014-08-11,s33 , 08/2014,388.57,198.65,161.73,145.32,387.55,197.75,160.83,144.42,380.97,192.58,155.87,139.59,373.42,187.12,150.46,134.14
137,2014-08-18,s34 , 08/2014,395.08,200.58,162.81,145.64,394.08,199.76,161.99,144.82,387.48,194.44,156.95,139.87,380.35,189.2,151.65,134.61
138,2014-08-25,s35 , 08/2014,400.6,202.44,165.19,148.75,399.5,201.53,164.26,147.82,392.37,195.95,159.04,142.64,385.36,190.95,154.0,137.68
139,2014-09-01,s36 , 09/2014,205.59,165.5,150.83,141.81,204.59,164.58,149.91,140.89,197.0,159.04,144.65,135.74,189.92,153.88,139.52,130.6
140,2014-09-08,s37 , 09/2014,209.0,166.77,152.57,142.26,208.11,165.91,151.71,141.4,201.6,160.77,146.72,136.51,196.51,156.54,142.49,132.23
141,2014-09-15,s38 , 09/2014,213.89,170.0,154.91,144.84,212.97,169.2,154.11,144.04,206.78,164.1,149.23,139.3,202.19,159.96,145.09,135.05
142,2014-09-22,s39 , 09/2014,212.81,170.19,154.87,143.84,211.89,169.34,154.03,143.0,205.78,164.13,149.1,138.17,200.79,160.62,145.55,134.64
143,2014-09-29,s40 , 09/2014,215.34,172.8,155.88,144.99,214.4,172.0,155.08,144.2,208.06,166.67,150.32,139.73,203.51,163.25,146.75,136.07
144,2014-10-06,s41 , 10/2014,218.93,173.12,156.59,146.25,217.94,172.24,155.71,145.36,211.68,166.94,151.14,140.97,207.12,163.63,147.65,137.5
145,2014-10-13,s42 , 10/2014,220.88,174.89,158.38,146.87,219.84,173.92,157.41,145.9,213.48,168.43,152.63,141.3,209.31,165.39,149.48,138.11
146,2014-10-20,s43 , 10/2014,226.07,174.8,158.34,147.08,224.88,173.68,157.22,145.96,219.32,168.82,153.04,141.84,214.06,164.9,148.94,137.69
147,2014-10-27,s44 , 10/2014,227.02,176.13,160.65,149.05,225.91,175.07,159.59,147.99,221.66,171.46,156.56,145.09,216.06,167.11,152.06,140.52
148,2014-11-03,s45 , 11/2014,228.16,176.14,160.77,150.84,226.93,175.01,159.64,149.72,223.2,171.65,156.68,146.85,216.39,166.38,151.47,141.69
149,2014-11-10,s46 , 11/2014,233.08,176.84,161.6,149.86,231.86,175.76,160.52,148.78,228.09,172.24,157.38,145.78,221.7,167.25,152.33,140.76
150,2014-11-17,s47 , 11/2014,234.6,177.2,161.56,151.28,233.31,176.09,160.45,150.17,229.82,172.76,157.42,147.29,223.31,167.58,152.26,142.13
151,2014-11-24,s48 , 11/2014,235.64,178.0,162.26,151.06,234.23,176.71,160.97,149.77,230.9,173.77,158.31,147.24,223.88,168.34,152.88,141.8
152,2014-12-01,s49 , 12/2014,236.78,179.0,163.03,150.99,235.48,177.91,161.94,149.9,232.06,174.9,159.16,147.35,224.84,169.12,153.41,141.54
153,2014-12-08,s50 , 12/2014,238.93,180.03,163.7,152.45,237.49,178.84,162.51,151.26,234.53,175.99,159.92,148.81,227.78,170.45,154.26,143.14
154,2014-12-15,s51 , 12/2014,237.16,180.48,164.23,152.41,235.96,179.5,163.25,151.43,233.17,176.85,160.79,149.08,226.07,171.22,155.15,143.4
155,2014-12-22,s52 , 12/2014,237.24,180.97,163.9,151.78,236.06,179.86,162.79,150.67,232.89,177.11,160.33,148.4,226.16,171.61,154.69,142.67
156,2014-12-29,s01 , 12/2014,236.46,180.87,164.7,151.16,235.3,179.82,163.65,150.11,232.35,176.65,160.77,147.44,225.19,171.47,155.51,142.16
157,2015-01-05,s02 , 01/2015,239.25,181.44,164.73,152.62,238.13,180.52,163.81,151.71,235.22,177.39,161.04,149.08,227.67,171.8,155.44,143.47
158,2015-01-12,s03 , 01/2015,242.73,182.68,167.26,153.63,241.6,181.69,166.27,152.64,238.58,178.67,163.61,150.09,230.82,172.47,157.33,143.84
159,2015-01-19,s04 , 01/2015,244.78,184.41,166.73,153.91,243.62,183.46,165.78,152.95,240.61,180.41,163.08,150.28,233.84,174.98,157.59,144.85
160,2015-01-26,s05 , 01/2015,248.32,184.75,167.25,154.74,247.22,183.83,166.33,153.82,244.47,181.21,163.95,151.47,237.23,175.33,158.02,145.61
161,2015-02-02,s06 , 02/2015,255.08,185.74,168.39,155.45,253.89,184.64,167.29,154.35,250.88,182.06,165.02,152.1,244.08,176.13,159.03,146.15
162,2015-02-09,s07 , 02/2015,269.73,188.05,171.05,157.34,268.49,186.9,169.9,156.18,265.23,184.21,167.55,153.9,257.82,177.86,161.07,147.48
163,2015-02-16,s08 , 02/2015,281.59,190.74,173.54,159.07,280.3,189.56,172.37,157.89,277.42,186.87,169.95,155.53,269.47,180.2,163.28,148.83
164,2015-02-23,s09 , 02/2015,294.23,192.82,175.43,161.18,292.87,191.63,174.24,159.99,289.6,189.22,172.18,157.95,280.88,182.17,165.04,150.87
165,2015-03-02,s10 , 03/2015,303.78,196.32,177.68,163.04,302.53,195.18,176.54,161.9,299.36,192.66,174.3,159.72,290.31,185.86,167.46,152.95
166,2015-03-09,s11 , 03/2015,308.04,199.72,181.36,164.97,306.79,198.55,180.19,163.8,303.43,195.88,177.84,161.48,294.69,189.09,170.92,154.66
167,2015-03-16,s12 , 03/2015,310.14,202.58,181.8,165.65,308.8,201.43,180.65,164.5,305.36,198.72,178.26,162.16,296.81,191.8,171.27,155.27
168,2015-03-23,s13 , 03/2015,307.14,204.22,183.24,165.08,305.85,203.09,182.11,163.95,302.9,200.55,179.84,161.76,293.58,192.66,171.9,153.84
169,2015-03-30,s14 , 03/2015,303.9,203.73,184.48,166.25,302.67,202.63,183.38,165.15,299.94,200.28,181.32,163.16,290.28,192.84,173.87,155.75
170,2015-04-06,s15 , 04/2015,298.67,203.73,184.94,165.4,297.52,202.66,183.88,164.34,294.07,199.64,181.12,161.67,285.85,193.24,174.72,155.28
171,2015-04-13,s16 , 04/2015,291.22,203.06,184.31,164.78,290.17,202.12,183.38,163.85,286.68,199.28,180.81,161.39,277.96,191.72,173.25,153.82
172,2015-04-20,s17 , 04/2015,286.47,202.01,184.05,164.51,285.37,201.08,183.12,163.58,281.73,198.2,180.55,161.03,272.94,190.73,173.05,153.54
173,2015-04-27,s18 , 04/2015,272.63,202.43,183.28,164.51,271.45,201.46,182.31,163.54,268.14,198.26,179.4,160.7,259.21,191.34,172.47,153.77
174,2015-05-04,s19 , 05/2015,268.63,199.97,182.13,164.6,267.42,198.86,181.02,163.49,263.68,195.71,178.13,160.7,254.73,188.76,171.12,153.72
175,2015-05-11,s20 , 05/2015,268.55,200.27,183.2,164.87,267.42,199.16,182.09,163.76,263.81,196.34,179.53,161.23,255.28,189.03,172.13,153.88
176,2015-05-18,s21 , 05/2015,271.12,200.53,184.19,165.03,270.08,199.63,183.29,164.13,265.55,195.98,179.92,160.78,257.42,189.08,172.94,153.85
177,2015-05-25,s22 , 05/2015,271.48,201.24,184.21,165.9,270.47,200.44,183.4,165.09,265.81,196.37,179.56,161.32,258.16,190.23,173.39,155.15
178,2015-06-01,s23 , 06/2015,268.85,200.58,184.31,165.64,267.81,199.7,183.43,164.75,262.84,195.3,179.2,160.6,255.33,189.48,173.4,154.81
179,2015-06-08,s24 , 06/2015,268.26,201.2,184.2,165.6,267.23,200.32,183.32,164.72,262.51,196.2,179.39,160.86,254.82,190.25,173.43,154.91
180,2015-06-15,s25 , 06/2015,263.01,199.9,182.77,165.05,262.11,199.05,181.92,164.19,256.7,194.81,177.86,160.26,249.38,188.95,171.99,154.36
181,2015-06-22,s26 , 06/2015,258.36,199.27,183.59,165.31,257.33,198.39,182.71,164.43,251.61,193.75,178.26,160.12,244.88,188.46,172.95,154.75
182,2015-06-29,s27 , 06/2015,252.79,199.23,183.45,165.36,251.67,198.27,182.49,164.4,245.51,193.4,177.86,159.88,238.53,188.22,172.56,154.59
183,2015-07-06,s28 , 07/2015,236.59,190.33,179.67,164.83,235.57,189.44,178.78,163.94,228.8,184.24,173.78,159.12,222.43,179.06,168.55,153.9
184,2015-07-13,s29 , 07/2015,219.35,180.7,171.37,162.5,218.31,179.75,170.4,161.53,211.75,174.76,165.62,156.9,205.19,169.5,160.3,151.61
185,2015-07-20,s30 , 07/2015,192.55,172.26,165.94,158.76,191.42,171.3,164.98,157.8,185.28,166.53,160.37,153.32,178.21,160.98,154.83,147.73
186,2015-07-27,s31 , 07/2015,188.98,172.1,165.37,159.41,187.75,171.17,164.44,158.48,181.27,166.15,159.59,153.78,174.24,160.74,154.12,148.35
187,2015-08-03,s32 , 08/2015,186.18,170.57,164.59,159.32,185.0,169.64,163.66,158.39,178.5,164.85,159.15,153.98,171.08,159.15,153.41,148.24
188,2015-08-10,s33 , 08/2015,189.03,170.71,164.92,159.94,188.01,169.81,164.02,159.04,181.43,164.64,159.06,154.21,173.88,159.18,153.65,148.76
189,2015-08-17,s34 , 08/2015,190.52,170.47,164.86,158.65,189.52,169.65,164.04,157.83,182.92,164.32,159.0,152.88,175.79,159.09,153.7,147.62
190,2015-08-24,s35 , 08/2015,190.1,170.5,164.43,157.9,189.0,169.59,163.5,156.97,181.87,164.01,158.28,151.79,174.86,159.01,153.24,146.83
191,2015-08-31,s36 , 08/2015,195.43,171.72,164.86,158.28,194.44,170.8,163.94,157.36,186.84,165.26,158.68,152.21,179.76,160.1,153.55,147.07
192,2015-09-07,s37 , 09/2015,171.81,164.32,158.07,154.9,170.92,163.46,157.21,154.04,164.41,158.31,152.22,149.15,159.32,154.09,147.99,144.87
193,2015-09-14,s38 , 09/2015,169.53,164.04,157.85,153.87,168.61,163.24,157.05,153.07,162.42,158.14,152.17,148.33,157.83,154.0,148.03,144.08
194,2015-09-21,s39 , 09/2015,169.37,164.05,157.78,154.43,168.45,163.21,156.94,153.59,162.34,157.99,152.01,148.76,157.35,154.48,148.46,145.23
195,2015-09-28,s40 , 09/2015,167.86,162.95,156.28,154.57,166.92,162.15,155.48,153.78,160.58,156.82,150.72,149.31,156.03,153.4,147.16,145.65
196,2015-10-05,s41 , 10/2015,167.17,161.86,156.72,154.06,166.18,160.98,155.84,153.17,159.92,155.68,151.27,148.78,155.36,152.37,147.78,145.31
197,2015-10-12,s42 , 10/2015,166.17,160.94,156.1,153.82,165.13,159.97,155.13,152.85,158.77,154.48,150.35,148.25,154.6,151.44,147.2,145.06
198,2015-10-19,s43 , 10/2015,164.98,159.78,155.94,153.23,163.79,158.66,154.82,152.11,158.23,153.8,150.64,147.99,152.97,149.88,146.54,143.84
199,2015-10-26,s44 , 10/2015,164.63,160.03,155.39,153.31,163.52,158.97,154.33,152.25,159.26,155.36,151.3,149.35,153.67,151.01,146.8,144.78
200,2015-11-02,s45 , 11/2015,164.69,160.13,154.82,152.76,163.46,159.0,153.69,151.64,159.73,155.64,150.73,148.77,152.93,150.37,145.52,143.61
201,2015-11-09,s46 , 11/2015,163.93,159.73,154.35,152.43,162.71,158.65,153.27,151.35,158.94,155.12,150.13,148.35,152.55,150.13,145.08,143.33
202,2015-11-16,s47 , 11/2015,163.06,159.06,154.45,152.41,161.77,157.95,153.34,151.3,158.28,154.62,150.31,148.42,151.77,149.44,145.15,143.26
203,2015-11-23,s48 , 11/2015,161.22,156.35,153.79,150.67,159.81,155.06,152.5,149.38,156.48,152.12,149.84,146.85,149.46,146.69,144.41,141.41
204,2015-11-30,s49 , 11/2015,156.07,153.55,150.72,149.04,154.77,152.46,149.63,147.94,151.35,149.45,146.85,145.4,144.13,143.67,141.1,139.59
205,2015-12-07,s50 , 12/2015,151.03,149.34,148.03,146.38,149.59,148.16,146.84,145.19,146.63,145.3,144.25,142.75,139.88,139.76,138.59,137.07
206,2015-12-14,s51 , 12/2015,148.5,147.12,145.08,143.96,147.3,146.15,144.1,142.98,144.51,143.49,141.64,140.63,137.41,137.86,136.0,134.95
207,2015-12-21,s52 , 12/2015,148.86,147.02,145.6,143.47,147.68,145.91,144.49,142.36,144.51,143.16,142.03,140.09,137.78,137.66,136.39,134.36
208,2015-12-28,s53 , 12/2015,142.23,144.26,142.89,140.06,141.07,143.21,141.84,139.01,138.12,140.03,138.96,136.34,130.96,134.86,133.7,131.06
209,2016-01-04,s01 , 01/2016,137.26,139.32,138.11,138.12,136.14,138.4,137.19,137.21,133.23,135.27,134.42,134.58,125.68,129.68,128.82,128.97
210,2016-01-11,s02 , 01/2016,131.97,135.39,135.58,135.48,130.84,134.4,134.59,134.49,127.82,131.38,131.93,131.94,120.06,125.18,125.65,125.69
211,2016-01-18,s03 , 01/2016,127.61,130.25,131.02,131.58,126.45,129.3,130.07,130.62,123.44,126.25,127.37,127.95,116.67,120.82,121.88,122.52
212,2016-01-25,s04 , 01/2016,123.96,127.88,129.63,130.81,122.86,126.96,128.71,129.89,120.11,124.34,126.33,127.54,112.88,118.46,120.4,121.68
213,2016-02-01,s05 , 02/2016,115.66,122.12,126.19,127.84,114.47,121.02,125.09,126.74,111.46,118.44,122.82,124.49,104.66,112.51,116.83,118.54
214,2016-02-08,s06 , 02/2016,113.64,120.33,124.27,126.02,112.4,119.18,123.12,124.86,109.14,116.49,120.77,122.58,101.73,110.14,114.29,116.16
215,2016-02-15,s07 , 02/2016,111.52,120.62,124.62,126.19,110.23,119.44,123.45,125.01,107.35,116.75,121.03,122.65,99.4,110.08,114.36,115.95
216,2016-02-22,s08 , 02/2016,113.06,120.94,126.01,127.03,111.7,119.75,124.82,125.84,108.42,117.34,122.76,123.8,99.71,110.29,115.62,116.72
217,2016-02-29,s09 , 02/2016,112.92,120.12,125.52,126.96,111.67,118.98,124.38,125.82,108.5,116.46,122.14,123.64,99.45,109.66,115.3,116.87
218,2016-03-07,s10 , 03/2016,114.59,120.72,125.28,127.07,113.34,119.55,124.11,125.9,109.98,116.88,121.76,123.58,101.23,110.08,114.84,116.76
219,2016-03-14,s11 , 03/2016,114.05,120.37,125.42,127.86,112.71,119.22,124.27,126.71,109.27,116.51,121.88,124.37,100.72,109.59,114.89,117.47
220,2016-03-21,s12 , 03/2016,112.55,119.81,125.06,127.28,111.26,118.68,123.93,126.15,108.31,116.14,121.66,123.96,98.99,108.25,113.72,116.03
221,2016-03-28,s13 , 03/2016,111.99,119.81,124.48,127.37,110.76,118.71,123.38,126.27,108.02,116.36,121.32,124.28,98.37,108.92,113.87,116.87
222,2016-04-04,s14 , 04/2016,112.58,120.02,124.61,127.37,111.43,118.95,123.55,126.31,107.98,115.93,120.79,123.64,99.76,109.53,114.39,117.25
223,2016-04-11,s15 , 04/2016,112.89,120.19,125.04,127.61,111.84,119.25,124.11,126.68,108.35,116.41,121.54,124.22,99.63,108.85,113.98,116.65
224,2016-04-18,s16 , 04/2016,114.85,121.66,125.46,127.84,113.75,120.73,124.53,126.91,110.11,117.85,121.96,124.36,101.32,110.38,114.46,116.87
225,2016-04-25,s17 , 04/2016,116.23,122.63,126.03,127.86,115.05,121.66,125.06,126.89,111.74,118.46,122.15,124.05,102.81,111.54,115.22,117.12
226,2016-05-02,s18 , 05/2016,119.45,124.56,127.8,128.46,118.24,123.45,126.69,127.35,114.5,120.3,123.8,124.56,105.55,113.35,116.79,117.58
227,2016-05-09,s19 , 05/2016,120.83,125.67,129.08,129.8,119.7,124.56,127.97,128.69,116.09,121.75,125.41,126.16,107.56,114.43,118.01,118.81
228,2016-05-16,s20 , 05/2016,124.72,128.84,130.34,130.74,123.68,127.94,129.44,129.84,119.14,124.29,126.07,126.49,111.02,117.39,119.09,119.56
229,2016-05-23,s21 , 05/2016,126.46,130.37,131.23,132.02,125.45,129.56,130.42,131.21,120.79,125.5,126.58,127.44,113.14,119.36,120.41,121.27
230,2016-05-30,s22 , 05/2016,128.35,131.65,133.1,133.34,127.31,130.77,132.22,132.46,122.34,126.37,127.99,128.3,114.83,120.55,122.19,122.51
231,2016-06-06,s23 , 06/2016,127.81,131.02,133.02,132.89,126.78,130.14,132.14,132.01,122.06,126.02,128.21,128.15,114.37,120.07,122.25,122.2
232,2016-06-13,s24 , 06/2016,127.82,131.71,133.16,133.02,126.92,130.86,132.31,132.16,121.51,126.62,128.25,128.23,114.19,120.76,122.38,122.33
233,2016-06-20,s25 , 06/2016,127.52,131.48,132.96,133.33,126.49,130.6,132.08,132.45,120.77,125.96,127.63,128.14,114.04,120.66,122.32,122.77
234,2016-06-27,s26 , 06/2016,128.53,132.09,133.06,133.65,127.41,131.13,132.1,132.69,121.25,126.26,127.47,128.17,114.27,121.08,122.17,122.88
235,2016-07-04,s27 , 07/2016,130.56,134.54,135.36,135.7,129.54,133.65,134.47,134.81,122.77,128.45,129.47,129.99,116.4,123.27,124.24,124.77
236,2016-07-11,s28 , 07/2016,137.32,138.34,138.95,139.36,136.28,137.39,137.98,138.39,129.72,132.4,133.2,133.76,123.16,127.14,127.88,128.47
237,2016-07-18,s29 , 07/2016,145.68,144.76,141.4,141.95,144.55,143.8,140.44,140.99,138.41,139.03,135.83,136.51,131.34,133.48,130.29,130.92
238,2016-07-25,s30 , 07/2016,151.24,149.71,147.46,146.09,150.01,148.78,146.53,145.16,143.53,143.76,141.68,140.46,136.5,138.35,136.21,135.03
239,2016-08-01,s31 , 08/2016,154.6,151.73,149.8,147.45,153.42,150.8,148.87,146.52,146.92,146.01,144.36,142.11,139.5,140.31,138.62,136.37
240,2016-08-08,s32 , 08/2016,159.82,155.81,151.1,149.86,158.8,154.91,150.2,148.96,152.22,149.74,145.24,144.13,144.67,144.28,139.83,138.68
241,2016-08-15,s33 , 08/2016,165.75,159.7,155.3,152.11,164.75,158.88,154.48,151.29,158.15,153.55,149.44,146.34,151.02,148.32,144.14,141.08
242,2016-08-22,s34 , 08/2016,167.42,161.8,156.32,153.24,166.32,160.89,155.39,152.31,159.19,155.31,150.17,147.13,152.18,150.31,145.13,142.17
243,2016-08-29,s35 , 08/2016,164.82,160.32,155.92,152.43,163.82,159.4,155.0,151.51,156.23,153.86,149.74,146.36,149.15,148.7,144.61,141.22
244,2016-09-05,s36 , 09/2016,159.59,155.5,153.07,152.47,158.7,154.64,152.21,151.61,152.19,149.5,147.22,146.72,147.1,145.27,142.99,142.44
245,2016-09-12,s37 , 09/2016,159.73,155.54,153.46,151.7,158.81,154.74,152.66,150.9,152.62,149.64,147.78,146.16,148.03,145.5,143.64,141.91
246,2016-09-19,s38 , 09/2016,158.62,155.52,151.58,150.54,157.7,154.68,150.74,149.69,151.59,149.46,145.81,144.87,146.6,145.95,142.26,141.34
247,2016-09-26,s39 , 09/2016,156.83,154.07,150.13,149.87,155.89,153.27,149.33,149.08,149.55,147.94,144.57,144.61,145.0,144.52,141.0,140.95
248,2016-10-03,s40 , 10/2016,156.9,154.81,150.36,149.86,155.91,153.93,149.48,148.97,149.65,148.62,144.91,144.58,145.09,145.32,141.42,141.11
249,2016-10-10,s41 , 10/2016,156.36,154.54,150.65,149.5,155.33,153.57,149.68,148.53,148.96,148.08,144.9,143.93,144.79,145.04,141.75,140.74
250,2016-10-17,s42 , 10/2016,156.9,154.65,152.17,150.91,155.71,153.53,151.05,149.79,150.15,148.67,146.87,145.67,144.89,144.75,142.77,141.52
251,2016-10-24,s43 , 10/2016,156.01,153.92,151.06,150.3,154.86,152.91,150.05,149.29,159.72,156.49,153.63,152.87,152.26,150.35,147.49,146.73
252,2016-10-31,s44 , 10/2016,155.87,153.83,151.21,150.58,154.49,152.95,150.33,149.7,162.12,158.21,155.59,154.96,146.78,148.83,146.21,145.58
253,2016-11-07,s45 , 11/2016,157.22,154.68,152.61,151.5,156.3,154.01,151.94,150.83,162.54,157.15,155.08,153.97,150.27,149.38,147.31,146.2
254,2016-11-14,s46 , 11/2016,158.03,154.42,152.38,150.96,155.76,152.89,150.85,149.43,165.7,158.29,156.25,154.83,151.49,148.65,146.61,145.19
255,2016-11-21,s47 , 11/2016,156.77,154.38,151.79,150.09,153.39,151.21,148.62,146.92,164.1,158.71,156.12,154.42,147.91,147.9,145.31,143.61
256,2016-11-28,s48 , 11/2016,156.0,153.42,151.11,150.26,153.19,151.48,149.17,148.32,162.96,158.17,155.86,155.01,142.33,143.75,141.44,140.59
257,2016-12-05,s49 , 12/2016,153.13,151.14,149.93,149.53,150.03,149.0,147.79,147.39,161.01,155.58,154.37,153.97,141.13,140.47,139.26,138.86
258,2016-12-12,s50 , 12/2016,145.76,145.51,144.58,144.44,143.61,144.26,143.33,143.19,155.34,151.18,150.25,150.11,136.3,137.26,136.33,136.19
259,2016-12-19,s51 , 12/2016,144.23,143.78,143.47,142.83,142.98,142.42,142.11,141.47,152.23,150.28,149.97,149.33,134.94,135.07,134.76,134.12
260,2016-12-26,s52 , 12/2016,143.74,142.04,141.32,141.11,142.14,140.55,139.83,139.62,152.74,146.47,145.75,145.54,134.34,133.04,132.32,132.11
261,2017-01-02,s01 , 01/2017,144.2,142.17,141.04,140.7,143.12,141.25,140.12,139.78,154.04,148.97,147.84,147.5,135.2,133.9,132.77,132.43
262,2017-01-09,s02 , 01/2017,145.21,142.57,142.04,140.95,143.25,140.99,140.46,139.37,155.41,149.57,149.04,147.95,132.54,130.95,130.42,129.33
263,2017-01-16,s03 , 01/2017,146.33,143.29,142.34,140.93,143.53,141.46,140.51,139.1,156.66,150.84,149.89,148.48,136.87,134.86,133.91,132.5
264,2017-01-23,s04 , 01/2017,146.75,144.08,142.7,141.31,143.67,141.89,140.51,139.12,157.61,152.08,150.7,149.31,136.61,134.65,133.27,131.88
265,2017-01-30,s05 , 01/2017,147.73,145.53,143.17,142.14,144.85,142.9,140.54,139.51,158.73,154.1,151.74,150.71,138.4,135.93,133.57,132.54
266,2017-02-06,s06 , 02/2017,150.35,146.16,144.18,143.21,147.33,143.41,141.43,140.46,158.88,153.87,151.89,150.92,138.47,135.03,133.05,132.08
267,2017-02-13,s07 , 02/2017,155.91,150.3,147.0,145.35,152.76,147.67,144.37,142.72,167.58,159.16,155.86,154.21,142.91,137.73,134.43,132.78
268,2017-02-20,s08 , 02/2017,161.25,152.38,149.29,148.05,157.55,149.56,146.47,145.23,172.63,162.09,159.0,157.76,139.35,137.13,134.04,132.8
269,2017-02-27,s09 , 02/2017,169.23,156.4,151.02,150.59,166.3,153.9,148.52,148.09,180.06,166.31,160.93,160.5,146.73,142.23,136.85,136.42
270,2017-03-06,s10 , 03/2017,170.82,158.47,153.35,153.0,167.87,155.61,150.49,150.14,182.53,168.32,163.2,162.85,152.67,143.97,138.85,138.5
271,2017-03-13,s11 , 03/2017,181.41,162.73,157.13,153.52,178.31,160.23,154.63,151.02,192.47,174.23,168.63,165.02,164.25,148.51,142.91,139.3
272,2017-03-20,s12 , 03/2017,180.59,162.77,157.63,154.55,176.92,159.77,154.63,151.55,194.17,173.33,168.19,165.11,159.59,144.44,139.3,136.22
273,2017-03-27,s13 , 03/2017,185.61,164.17,157.8,155.7,182.16,161.35,154.98,152.88,199.66,176.01,169.64,167.54,164.91,148.38,142.01,139.91
274,2017-04-03,s14 , 04/2017,193.5,169.64,160.63,155.72,190.72,167.31,158.3,153.39,205.72,179.31,170.3,165.39,174.25,154.88,145.87,140.96
275,2017-04-10,s15 , 04/2017,201.4,170.33,161.05,156.16,198.56,168.0,158.72,153.83,215.9,182.68,173.4,168.51,180.13,152.16,142.88,137.99
276,2017-04-17,s16 , 04/2017,205.09,170.94,160.88,155.77,201.79,168.51,158.45,153.34,217.91,182.81,172.75,167.64,183.36,152.32,142.26,137.15
277,2017-04-24,s17 , 04/2017,206.16,170.5,161.19,156.55,202.6,167.72,158.41,153.77,218.86,179.17,169.86,165.22,185.99,152.0,142.69,138.05
278,2017-05-01,s18 , 05/2017,209.33,172.55,162.96,156.92,205.53,169.17,159.58,153.54,220.7,182.0,172.41,166.37,187.19,153.3,143.71,137.67
279,2017-05-08,s19 , 05/2017,210.03,173.27,162.66,156.76,206.68,169.86,159.25,153.35,226.08,185.62,175.01,169.11,189.01,153.73,143.12,137.22
280,2017-05-15,s20 , 05/2017,209.69,173.91,163.87,156.53,207.25,171.6,161.56,154.22,221.21,184.11,174.07,166.73,189.26,155.66,145.62,138.28
281,2017-05-22,s21 , 05/2017,208.52,172.71,163.31,157.03,205.86,170.18,160.78,154.5,220.04,182.26,172.86,166.58,190.14,156.35,146.95,140.67
282,2017-05-29,s22 , 05/2017,201.68,170.97,162.16,156.45,198.18,168.38,159.57,153.86,213.31,179.87,171.06,165.35,184.31,154.87,146.06,140.35
283,2017-06-05,s23 , 06/2017,198.54,169.56,161.28,155.43,195.54,166.76,158.48,152.63,212.81,180.16,171.88,166.03,182.98,155.34,147.06,141.21
284,2017-06-12,s24 , 06/2017,200.29,169.55,161.76,155.75,197.51,167.11,159.32,153.31,213.62,179.16,171.37,165.36,185.54,155.57,147.78,141.77
285,2017-06-19,s25 , 06/2017,201.87,169.99,161.69,155.53,198.92,167.36,159.06,152.9,216.1,180.0,171.7,165.54,188.87,156.88,148.58,142.42
286,2017-06-26,s26 , 06/2017,202.36,170.05,161.66,155.68,198.79,166.91,158.52,152.54,214.96,178.6,170.21,164.23,186.23,154.67,146.28,140.3
287,2017-07-03,s27 , 07/2017,202.65,169.89,160.53,155.55,199.95,167.79,158.43,153.45,214.05,178.24,168.88,163.9,186.85,155.39,146.03,141.05
288,2017-07-10,s28 , 07/2017,198.99,168.31,159.54,154.77,196.32,165.77,157.0,152.23,209.76,175.69,166.92,162.15,182.11,152.56,143.79,139.02
289,2017-07-17,s29 , 07/2017,197.52,167.17,157.86,154.67,194.3,164.3,154.99,151.8,210.36,176.38,167.07,163.88,180.55,152.38,143.07,139.88
290,2017-07-24,s30 , 07/2017,196.15,168.34,158.8,154.61,192.73,165.96,156.42,152.23,208.83,177.03,167.49,163.3,177.52,151.71,142.17,137.98
291,2017-07-31,s31 , 07/2017,194.58,166.63,157.57,154.04,190.78,163.82,154.76,151.23,206.92,176.21,167.15,163.62,176.33,151.38,142.32,138.79
292,2017-08-07,s32 , 08/2017,194.66,166.66,157.29,153.72,192.08,164.33,154.96,151.39,208.39,175.33,165.96,162.39,174.94,150.44,141.07,137.5
293,2017-08-14,s33 , 08/2017,193.75,167.09,157.25,152.81,191.03,164.93,155.09,150.65,205.65,174.57,164.73,160.29,174.5,152.09,142.25,137.81
294,2017-08-21,s34 , 08/2017,194.02,167.47,156.88,152.25,191.17,164.97,154.38,149.75,206.79,178.02,167.43,162.8,175.5,153.07,142.48,137.85
295,2017-08-28,s35 , 08/2017,195.86,167.84,155.97,151.45,193.43,165.43,153.56,149.04,208.23,177.55,165.68,161.16,175.9,151.91,140.04,135.52
296,2017-09-04,s36 , 09/2017,167.63,157.09,152.63,150.31,165.2,154.82,150.36,148.04,177.07,166.53,162.07,159.75,152.64,142.6,138.14,135.82
297,2017-09-11,s37 , 09/2017,169.19,158.57,153.29,150.08,166.31,156.26,150.98,147.77,178.39,166.42,161.14,157.93,154.0,143.7,138.42,135.21
298,2017-09-18,s38 , 09/2017,171.03,159.46,153.57,150.69,168.14,156.79,150.9,148.02,179.65,167.21,161.32,158.44,153.53,146.24,140.35,137.47
299,2017-09-25,s39 , 09/2017,171.05,158.69,153.61,150.81,168.11,156.32,151.24,148.44,178.97,164.95,159.87,157.07,154.57,145.55,140.47,137.67
300,2017-10-02,s40 , 10/2017,172.63,159.53,154.49,151.28,169.71,157.15,152.11,148.9,181.22,166.98,161.94,158.73,155.35,145.91,140.87,137.66
301,2017-10-09,s41 , 10/2017,173.85,160.34,154.74,150.72,170.63,157.28,151.68,147.66,181.87,166.79,161.19,157.17,157.68,148.22,142.62,138.6
302,2017-10-16,s42 , 10/2017,175.74,161.96,155.76,152.16,172.47,158.91,152.71,149.11,184.71,169.11,162.91,159.31,159.61,149.39,143.19,139.59
303,2017-10-23,s43 , 10/2017,175.47,161.19,155.03,150.97,172.25,157.92,151.76,147.7,183.07,168.08,161.92,157.86,158.24,148.45,142.29,138.23
304,2017-10-30,s44 , 10/2017,176.2,160.64,154.48,150.06,172.72,157.41,151.25,146.83,184.43,167.7,161.54,157.12,157.85,147.08,140.92,136.5
305,2017-11-06,s45 , 11/2017,175.27,160.47,154.51,149.87,171.77,157.28,151.32,146.68,184.24,167.92,161.96,157.32,158.47,147.36,141.4,136.76
306,2017-11-13,s46 , 11/2017,175.75,160.46,153.35,149.49,172.54,157.43,150.32,146.46,184.12,167.68,160.57,156.71,159.51,147.28,140.17,136.31
307,2017-11-20,s47 , 11/2017,172.65,160.32,152.48,149.22,169.44,157.46,149.62,146.36,181.8,167.22,159.38,156.12,155.28,147.24,139.4,136.14
308,2017-11-27,s48 , 11/2017,171.19,159.5,151.37,148.52,168.07,156.5,148.37,145.52,180.04,166.13,158.0,155.15,155.16,146.03,137.9,135.05
309,2017-12-04,s49 , 12/2017,170.45,159.43,151.69,149.1,166.43,156.29,148.55,145.96,179.26,167.11,159.37,156.78,156.92,147.65,139.91,137.32
310,2017-12-11,s50 , 12/2017,172.72,160.15,152.13,149.23,169.32,157.19,149.17,146.27,182.45,168.99,160.97,158.07,157.31,147.13,139.11,136.21
311,2017-12-18,s51 , 12/2017,172.85,159.77,151.68,149.33,169.77,156.94,148.85,146.5,181.16,166.95,158.86,156.51,156.56,146.48,138.39,136.04
312,2017-12-25,s52 , 12/2017,174.01,160.25,152.08,149.07,170.99,157.67,149.5,146.49,183.55,167.29,159.12,156.11,158.02,148.52,140.35,137.34
313,2018-01-01,s01 , 01/2018,173.89,159.35,151.67,148.76,170.49,157.03,149.35,146.44,183.28,166.27,158.59,155.68,157.09,147.66,139.98,137.07
314,2018-01-08,s02 , 01/2018,172.97,159.4,151.72,148.47,169.97,156.9,149.22,145.97,180.83,166.18,158.5,155.25,156.37,145.84,138.16,134.91
315,2018-01-15,s03 , 01/2018,171.05,158.5,151.84,148.77,168.54,156.49,149.83,146.76,178.12,164.64,157.98,154.91,154.85,145.42,138.76,135.69
316,2018-01-22,s04 , 01/2018,170.74,158.5,152.34,148.18,168.38,156.64,150.48,146.32,178.43,165.18,159.02,154.86,152.48,144.14,137.98,133.82
317,2018-01-29,s05 , 01/2018,170.39,158.4,151.19,147.99,167.84,156.01,148.8,145.6,177.63,164.69,157.48,154.28,152.57,143.75,136.54,133.34
318,2018-02-05,s06 , 02/2018,173.62,159.01,151.48,148.26,171.33,156.8,149.27,146.05,181.0,165.13,157.6,154.38,153.95,143.13,135.6,132.38
319,2018-02-12,s07 , 02/2018,174.13,159.62,150.89,148.67,171.17,156.83,148.1,145.88,181.21,165.37,156.64,154.42,153.7,142.29,133.56,131.34
320,2018-02-19,s08 , 02/2018,180.57,161.0,153.53,149.05,178.01,158.47,151.0,146.52,186.54,166.64,159.17,154.69,159.71,144.05,136.58,132.1
321,2018-02-26,s09 , 02/2018,185.16,162.93,154.39,150.02,182.12,160.04,151.5,147.13,191.54,168.8,160.26,155.89,164.27,146.88,138.34,133.97
322,2018-03-05,s10 , 03/2018,193.44,164.34,153.86,149.91,190.33,161.45,150.97,147.02,199.28,169.95,159.47,155.52,172.31,149.63,139.15,135.2
323,2018-03-12,s11 , 03/2018,208.66,166.37,155.05,150.71,204.76,163.04,151.72,147.38,214.05,171.15,159.83,155.49,187.71,151.84,140.52,136.18
324,2018-03-19,s12 , 03/2018,210.44,167.79,155.4,150.93,207.15,164.75,152.36,147.89,216.49,173.28,160.89,156.42,190.04,151.63,139.24,134.77
325,2018-03-26,s13 , 03/2018,210.51,170.05,155.9,151.26,207.27,167.2,153.05,148.41,217.03,176.25,162.1,157.46,188.41,155.49,141.34,136.7
326,2018-04-02,s14 , 04/2018,201.39,167.62,154.84,150.61,198.54,164.98,152.2,147.97,206.92,172.91,160.13,155.9,182.44,154.38,141.6,137.37
327,2018-04-09,s15 , 04/2018,203.28,167.74,155.45,150.3,200.8,165.3,153.01,147.86,208.69,173.01,160.72,155.57,186.11,154.81,142.52,137.37
328,2018-04-16,s16 , 04/2018,202.79,167.2,155.19,150.31,200.21,165.02,153.01,148.13,208.46,172.37,160.36,155.48,183.69,151.79,139.78,134.9
329,2018-04-23,s17 , 04/2018,204.95,169.52,156.55,151.12,202.13,167.21,154.24,148.81,211.22,174.34,161.37,155.94,185.06,155.86,142.89,137.46
330,2018-04-30,s18 , 04/2018,205.14,171.16,158.08,152.72,202.25,168.47,155.39,150.03,210.3,175.94,162.86,157.5,186.34,156.71,143.63,138.27
331,2018-05-07,s19 , 05/2018,205.17,170.94,158.61,152.29,202.54,168.34,156.01,149.69,209.65,174.96,162.63,156.31,188.6,156.27,143.94,137.62
332,2018-05-14,s20 , 05/2018,204.79,172.57,159.92,153.58,202.19,170.44,157.79,151.45,206.2,173.36,160.71,154.37,184.58,156.54,143.89,137.55
333,2018-05-21,s21 , 05/2018,208.2,174.6,160.75,154.31,205.43,173.09,159.24,152.8,209.09,175.06,161.21,154.77,187.75,158.35,144.5,138.06
334,2018-05-28,s22 , 05/2018,210.06,175.46,163.13,154.61,207.85,173.62,161.29,152.77,207.43,173.38,161.05,152.53,188.44,159.3,146.97,138.45
335,2018-06-04,s23 , 06/2018,212.52,175.68,165.18,155.0,210.35,174.09,163.59,153.41,212.04,174.54,164.04,153.86,190.35,161.64,151.14,140.96
336,2018-06-11,s24 , 06/2018,216.23,176.49,165.76,154.88,214.84,174.81,164.08,153.2,215.19,175.34,164.61,153.73,193.58,160.62,149.89,139.01
337,2018-06-18,s25 , 06/2018,217.16,178.31,167.02,155.27,215.23,176.69,165.4,153.65,214.53,175.25,163.96,152.21,194.69,162.88,151.59,139.84
338,2018-06-25,s26 , 06/2018,218.66,179.4,167.3,155.43,216.55,177.74,165.64,153.77,216.21,176.56,164.46,152.59,195.82,164.58,152.48,140.61
339,2018-07-02,s27 , 07/2018,219.03,180.38,167.84,155.86,216.95,178.46,165.92,153.94,215.56,177.78,165.24,153.26,197.28,163.8,151.26,139.28
340,2018-07-09,s28 , 07/2018,219.64499999999998,180.6,168.67000000000002,155.59500000000003,217.3,178.56,166.64,153.56,216.59,177.98,166.06,152.98,197.45,164.54,152.61,139.54
341,2018-07-16,s29 , 07/2018,220.26,180.82,169.5,155.33,217.66,178.67,167.35,153.18,217.62,178.19,166.87,152.7,197.63,165.28,153.96,139.79
342,2018-07-23,s30 , 07/2018,220.53,180.98,169.93,155.34,217.52,178.82,167.77,153.18,214.56,177.84,166.79,152.2,197.17,167.05,156.0,141.41
343,2018-07-30,s31 , 07/2018,221.1,181.92,170.15,155.56,218.37,179.95,168.18,153.59,216.33,178.21,166.44,151.85,196.92,165.67,153.9,139.31
344,2018-08-06,s32 , 08/2018,220.74,182.98,170.65,155.0,217.96,180.65,168.32,152.67,215.53,178.62,166.29,150.64,196.38,166.66,154.33,138.68
345,2018-08-13,s33 , 08/2018,220.36,182.46,170.36,154.54,217.51,180.34,168.24,152.42,215.61,179.08,166.98,151.16,195.84,167.45,155.35,139.53
346,2018-08-20,s34 , 08/2018,216.67,182.8,169.8,154.97,213.39,180.83,167.83,153.0,209.24,178.52,165.52,150.69,189.82,168.04,155.04,140.21
347,2018-08-27,s35 , 08/2018,215.46,182.01,170.11,155.08,212.56,179.73,167.83,152.8,207.36,177.31,165.41,150.38,187.08,165.91,154.01,138.98
348,2018-09-03,s36 , 09/2018,181.9,169.45,156.1,151.83,179.3,166.85,153.5,149.23,177.46,166.01,152.66,148.39,164.46,160.82,147.47,143.2
349,2018-09-10,s37 , 09/2018,181.25,169.98,156.12,150.58,178.92,167.87,154.01,148.47,176.61,166.08,152.22,146.68,165.18,159.53,145.67,140.13
350,2018-09-17,s38 , 09/2018,180.65,167.93,155.61,150.34,178.17,165.77,153.45,148.18,175.32,163.3,150.98,145.71,164.18,157.34,145.02,139.75
351,2018-09-24,s39 , 09/2018,180.7,168.92,156.09,150.92,178.03,166.59,153.76,148.59,175.43,164.57,151.74,146.57,165.64,159.61,146.78,141.61
352,2018-10-01,s40 , 10/2018,180.08,168.33,156.06,150.71,177.45,165.83,153.56,148.21,174.64,163.27,151.0,145.65,166.07,160.58,148.31,142.96
353,2018-10-08,s41 , 10/2018,180.85,168.71,156.51,150.87,178.04,166.09,153.89,148.25,175.13,163.38,151.18,145.54,166.92,161.19,148.99,143.35
354,2018-10-15,s42 , 10/2018,180.59,168.94,155.68,150.58,177.61,166.22,152.96,147.86,174.04,163.75,150.49,145.39,166.55,160.54,147.28,142.18
355,2018-10-22,s43 , 10/2018,177.61,166.65,155.02,150.07,174.86,164.13,152.5,147.55,171.54,161.63,150.0,145.05,165.39,159.2,147.57,142.62
356,2018-10-29,s44 , 10/2018,176.65,166.09,155.8,150.42,173.94,163.51,153.22,147.84,170.87,160.89,150.6,145.22,162.93,155.67,145.38,140.0
357,2018-11-05,s45 , 11/2018,176.14,166.61,155.49,150.41,172.94,163.76,152.64,147.56,170.65,161.48,150.36,145.28,163.57,157.45,146.33,141.25
358,2018-11-12,s46 , 11/2018,174.5,165.14,154.73,149.94,171.43,162.33,151.92,147.13,169.52,160.36,149.95,145.16,161.14,156.04,145.63,140.84
359,2018-11-19,s47 , 11/2018,172.78,165.07,155.14,149.14,169.96,162.39,152.46,146.46,167.62,160.26,150.33,144.33,158.92,154.54,144.61,138.61
360,2018-11-26,s48 , 11/2018,170.72,164.28,153.9,149.05,168.07,162.09,151.71,146.86,165.5,159.61,149.23,144.38,157.91,154.6,144.22,139.37
361,2018-12-03,s49 , 12/2018,169.92,164.09,154.45,148.95,167.27,161.53,151.89,146.39,165.52,159.52,149.88,144.38,157.98,154.57,144.93,139.43
362,2018-12-10,s50 , 12/2018,170.27,162.99,154.39,148.94,167.88,160.94,152.34,146.89,165.57,158.47,149.87,144.42,156.94,154.24,145.64,140.19
363,2018-12-17,s51 , 12/2018,172.45,163.63,155.1,149.37,169.14,160.49,151.96,146.23,167.37,158.57,150.04,144.31,157.86,154.06,145.53,139.8
364,2018-12-24,s52 , 12/2018,174.13666666666666,164.18666666666667,155.16,149.34,171.09,161.29,152.27,146.45,168.58,158.78,149.75,143.93,158.84,153.75,144.73,138.91
365,2018-12-31,s01 , 12/2018,175.82333333333332,164.74333333333334,155.22,149.31,173.05,162.1,152.57,146.66,169.78,158.98,149.46,143.55,159.83,153.45,143.92,138.01
366,2019-01-07,s02 , 01/2019,177.51,165.3,155.28,149.28,175.0,162.9,152.88,146.88,170.99,159.19,149.17,143.17,160.81,153.14,143.12,137.12
367,2019-01-14,s03 , 01/2019,181.69,167.83,157.36,150.22,179.11,165.43,154.96,147.82,174.25,160.57,150.1,142.96,167.28,156.64,146.17,139.03
368,2019-01-21,s04 , 01/2019,189.67,172.8,159.43,151.74,187.94,170.98,157.61,149.92,182.24,165.95,152.58,144.89,174.42,161.67,148.3,140.61
369,2019-01-28,s05 , 01/2019,199.32,179.26,163.11,154.8,196.9,177.11,160.96,152.65,190.2,171.26,155.11,146.8,185.13,167.52,151.37,143.06
370,2019-02-04,s06 , 02/2019,205.16,181.96,165.61,155.46,202.38,179.35,163.0,152.85,196.19,174.65,158.3,148.15,189.93,169.59,153.24,143.09
371,2019-02-11,s07 , 02/2019,206.09,182.18,166.07,155.48,203.53,179.75,163.64,153.05,196.55,173.81,157.7,147.11,189.48,170.68,154.57,143.98
372,2019-02-18,s08 , 02/2019,208.22,185.51,166.44,157.17,205.05,182.86,163.79,154.52,197.55,178.85,159.78,150.51,190.47,173.39,154.32,145.05
373,2019-02-25,s09 , 02/2019,208.86,184.45,165.26,155.42,205.88,181.72,162.53,152.69,197.76,176.82,157.63,147.79,190.32,172.85,153.66,143.82
374,2019-03-04,s10 , 03/2019,209.395,184.89,165.04,155.65499999999997,206.58,182.28,162.44,153.05,198.71,177.42,157.57,148.18,190.62,173.04,153.19,143.8
375,2019-03-11,s11 , 03/2019,209.93,185.33,164.82,155.89,207.28,182.85,162.34,153.41,199.66,178.02,157.51,148.58,190.91,173.23,152.72,143.79
376,2019-03-18,s12 , 03/2019,212.75,185.67,166.02,155.96,210.3,183.58,163.93,153.87,202.9,178.34,158.69,148.63,194.81,172.71,153.06,143.0
377,2019-03-25,s13 , 03/2019,217.72,186.07,166.79,156.04,215.39,183.78,164.5,153.75,207.8,177.35,158.07,147.32,199.47,173.11,153.83,143.08
378,2019-04-01,s14 , 04/2019,217.62,187.58,167.83,156.67,215.27,185.29,165.54,154.38,205.68,177.83,158.08,146.92,201.03,175.11,155.36,144.2
379,2019-04-08,s15 , 04/2019,219.44,188.56,167.62,156.57,217.31,186.63,165.69,154.64,206.5,177.74,156.8,145.75,198.99,172.0,151.06,140.01
380,2019-04-15,s16 , 04/2019,218.21,188.33,167.16,155.18,216.23,186.37,165.2,153.22,204.98,177.12,155.95,143.97,198.75,174.27,153.1,141.12
381,2019-04-22,s17 , 04/2019,217.35,189.04,168.29,155.73,215.26,187.2,166.45,153.89,205.14,179.75,159.0,146.44,197.49,174.85,154.1,141.54
382,2019-04-29,s18 , 04/2019,217.84,189.28,168.03,156.46,215.57,187.09,165.84,154.27,206.12,179.49,158.24,146.67,196.24,176.19,154.94,143.37
383,2019-05-06,s19 , 05/2019,215.71,189.24,168.12,156.92,213.58,187.17,166.05,154.85,203.59,179.55,158.43,147.23,194.6,174.78,153.66,142.46
384,2019-05-13,s20 , 05/2019,213.2,189.01,168.33,157.29,210.76,187.17,166.49,155.45,202.01,179.72,159.04,148.0,192.96,173.39,152.71,141.67
385,2019-05-20,s21 , 05/2019,210.74,189.48,167.91,156.85,208.99,187.82,166.25,155.19,199.08,179.73,158.16,147.1,190.67,174.33,152.76,141.7
386,2019-05-27,s22 , 05/2019,205.04,189.02,168.32,157.52,203.39,187.26,166.56,155.76,192.78,178.96,158.26,147.46,183.36,174.72,154.02,143.22
387,2019-06-03,s23 , 06/2019,204.63,188.02,168.73,156.69,202.4,186.04,166.75,154.71,192.31,178.31,159.02,146.98,183.96,171.47,152.18,140.14
388,2019-06-10,s24 , 06/2019,204.46,188.82,169.07,156.18,202.41,187.02,167.27,154.38,191.9,179.31,159.56,146.67,184.66,175.16,155.41,142.52
389,2019-06-17,s25 , 06/2019,204.52,188.97,168.47,156.46,202.08,186.91,166.41,154.4,193.4,180.12,159.62,147.61,185.53,174.79,154.29,142.28
390,2019-06-24,s26 , 06/2019,204.8,189.44,168.97,156.21,202.45,187.39,166.92,154.16,193.7,179.45,158.98,146.22,184.77,174.85,154.38,141.62
391,2019-07-01,s27 , 07/2019,205.43,189.52,169.39,158.01,202.92,187.13,167.0,155.62,192.85,179.24,159.11,147.73,185.77,174.9,154.77,143.39
392,2019-07-08,s28 , 07/2019,203.825,188.97500000000002,169.63,157.91,201.35,186.72,167.37,155.65,191.07,179.01,159.66,147.94,183.98,174.46,155.12,143.39
393,2019-07-15,s29 , 07/2019,202.22,188.43,169.87,157.81,199.78,186.3,167.74,155.68,189.29,178.78,160.22,148.16,182.19,174.02,155.46,143.4
394,2019-07-22,s30 , 07/2019,197.98,186.81,169.75,158.45,195.49,184.75,167.69,156.39,184.31,176.06,159.0,147.7,177.0,172.05,154.99,143.69
395,2019-07-29,s31 , 07/2019,199.52,187.6,170.11,157.99,197.54,185.7,168.21,156.09,185.5,177.54,160.05,147.93,178.41,172.68,155.19,143.07
396,2019-08-05,s32 , 08/2019,198.6,187.38,169.82,157.26,196.52,185.51,167.95,155.39,183.96,177.21,159.65,147.09,178.46,173.44,155.88,143.32
397,2019-08-12,s33 , 08/2019,198.22,186.82,169.58,157.0,196.54,185.36,168.12,155.54,184.25,176.94,159.7,147.12,180.06,172.96,155.72,143.14
398,2019-08-19,s34 , 08/2019,196.22,186.09,169.25,156.67,194.53,184.36,167.52,154.94,181.23,174.7,157.86,145.28,175.95,170.95,154.11,141.53
399,2019-08-26,s35 , 08/2019,192.75,185.59,168.62,156.28,190.91,183.78,166.81,154.47,176.36,175.05,158.08,145.74,172.49,172.45,155.48,143.14
400,2019-09-02,s36 , 09/2019,182.53,168.65,156.45,152.02,181.23,167.35,155.15,150.72,170.0,157.93,145.73,141.3,167.24,154.92,142.72,138.29
401,2019-09-09,s37 , 09/2019,181.86,168.03,156.14,151.77,180.67,166.96,155.07,150.7,170.14,157.85,145.96,141.59,167.28,153.81,141.92,137.55
402,2019-09-16,s38 , 09/2019,181.81,167.63,155.9,151.28,180.51,166.44,154.71,150.09,170.28,157.74,146.01,141.39,167.06,156.8,145.07,140.45
403,2019-09-23,s39 , 09/2019,182.05,168.05,156.09,151.24,180.87,167.04,155.08,150.23,170.72,158.87,146.91,142.06,167.57,155.52,143.56,138.71
404,2019-09-30,s40 , 09/2019,182.63,169.43,156.49,152.11,181.08,168.02,155.08,150.7,171.77,160.28,147.34,142.96,168.62,157.68,144.74,140.36
405,2019-10-07,s41 , 10/2019,183.38,169.5,157.19,151.8,182.1,168.39,156.08,150.69,171.85,160.07,147.76,142.37,169.57,156.85,144.54,139.15
406,2019-10-14,s42 , 10/2019,185.1,169.8,157.81,152.07,183.76,168.51,156.52,150.78,174.12,160.16,148.17,142.43,170.89,156.55,144.56,138.82
407,2019-10-21,s43 , 10/2019,185.54,169.65,157.67,152.18,184.44,168.6,156.62,151.13,174.69,160.71,148.73,143.24,171.59,156.46,144.48,138.99
408,2019-10-28,s44 , 10/2019,186.87,170.05,158.56,152.57,185.11,168.36,156.87,150.88,175.24,160.76,149.27,143.28,173.12,156.49,145.0,139.01
409,2019-11-04,s45 , 11/2019,185.7,169.94,158.64,152.12,184.28,168.68,157.38,150.86,174.58,160.67,149.37,142.85,171.0,156.98,145.68,139.16
410,2019-11-11,s46 , 11/2019,186.47,170.62,158.99,151.97,185.04,169.42,157.79,150.77,175.17,161.39,149.76,142.74,172.14,157.97,146.34,139.32
411,2019-11-18,s47 , 11/2019,185.98,170.32,157.92,151.58,184.62,169.11,156.71,150.37,174.72,161.54,149.14,142.8,172.39,158.7,146.3,139.96
412,2019-11-25,s48 , 11/2019,186.64,170.17,157.81,151.4,185.38,169.09,156.73,150.32,175.95,162.26,149.9,143.49,173.15,158.98,146.62,140.21
413,2019-12-02,s49 , 12/2019,186.25,170.03,157.75,151.51,185.05,168.92,156.64,150.4,175.45,160.95,148.67,142.43,173.42,158.98,146.7,140.46
414,2019-12-09,s50 , 12/2019,185.95,170.07,158.26,152.09,184.85,169.08,157.27,151.1,174.97,160.8,148.99,142.82,172.91,158.76,146.95,140.78
415,2019-12-16,s51 , 12/2019,186.25,170.21,158.18,151.9,185.08,169.16,157.13,150.85,174.82,160.28,148.25,141.97,173.78,158.8,146.77,140.49
416,2019-12-23,s52 , 12/2019,186.88,170.63,158.01,151.95,185.88,169.75,157.13,151.07,175.64,161.38,148.76,142.7,173.95,159.42,146.8,140.74
417,2019-12-30,s01 , 12/2019,188.88,171.08,158.36,152.04,187.79,170.21,157.49,151.17,178.4,161.71,148.99,142.67,175.31,158.7,145.98,139.66
418,2020-01-06,s02 , 01/2020,190.58,171.7,159.38,152.63,189.58,170.79,158.47,151.72,179.89,162.09,149.77,143.02,176.04,158.9,146.58,139.83
419,2020-01-13,s03 , 01/2020,194.82,174.07,159.97,153.18,193.77,173.1,159.0,152.21,184.59,165.29,151.19,144.4,181.73,162.79,148.69,141.9
420,2020-01-20,s04 , 01/2020,195.29,173.66,160.31,152.97,194.1,172.56,159.21,151.87,185.2,165.04,151.69,144.35,183.49,163.34,149.99,142.65
421,2020-01-27,s05 , 01/2020,196.88,174.03,160.11,152.93,195.82,173.0,159.08,151.9,186.33,165.91,151.99,144.81,184.23,163.87,149.95,142.77
422,2020-02-03,s06 , 02/2020,198.45,174.57,160.48,153.38,197.47,173.79,159.7,152.6,187.79,166.19,152.1,145.0,184.23,163.09,149.0,141.9
423,2020-02-10,s07 , 02/2020,199.33,175.18,161.21,153.85,198.74,174.59,160.62,153.26,188.3,166.38,152.41,145.05,185.8,163.3,149.33,141.97
424,2020-02-17,s08 , 02/2020,198.54,174.96,160.99,154.23,197.89,174.19,160.22,153.46,187.72,166.47,152.5,145.74,185.84,164.6,150.63,143.87
425,2020-02-24,s09 , 02/2020,197.82,174.44,160.67,153.47,197.43,174.01,160.24,153.04,187.27,166.12,152.35,145.15,185.95,164.4,150.63,143.43
426,2020-03-02,s10 , 03/2020,196.19,174.71,160.79,153.84,195.62,174.23,160.31,153.36,184.78,166.04,152.12,145.17,181.5,162.2,148.28,141.33
427,2020-03-09,s11 , 03/2020,194.29,175.06,160.96,153.94,193.75,174.63,160.53,153.51,183.47,165.47,151.37,144.35,179.63,162.02,147.92,140.9
428,2020-03-16,s12 , 03/2020,186.93,174.5,160.39,153.44,186.59,174.16,160.05,153.1,176.9,166.11,152.0,145.05,172.61,161.97,147.86,140.91
429,2020-03-23,s13 , 03/2020,178.11,172.45,159.72,152.68,177.83,172.14,159.41,152.37,168.36,165.18,152.45,145.41,164.29,160.18,147.45,140.41
430,2020-03-30,s14 , 03/2020,170.72,169.1,159.34,152.03,170.26,168.66,158.9,151.59,159.95,160.16,150.4,143.09,156.5,157.05,147.29,139.98
431,2020-04-06,s15 , 04/2020,166.3,167.31,158.89,151.4,165.77,166.93,158.51,151.02,155.57,159.21,150.79,143.3,152.3,155.36,146.94,139.45
432,2020-04-13,s16 , 04/2020,162.7,166.09,158.63,151.77,162.23,165.68,158.22,151.36,152.46,158.34,150.88,144.02,148.27,154.33,146.87,140.01
433,2020-04-20,s17 , 04/2020,153.27,160.76,157.21,150.96,152.71,160.32,156.77,150.52,142.55,152.15,148.6,142.35,139.18,148.91,145.36,139.11
434,2020-04-27,s18 , 04/2020,149.17,158.0,155.0,149.28,148.74,157.7,154.7,148.98,138.05,148.94,145.94,140.22,134.23,145.68,142.68,136.96
435,2020-05-04,s19 , 05/2020,149.0,156.13,154.39,149.78,148.45,155.65,153.91,149.3,138.24,147.61,145.87,141.26,135.37,144.77,143.03,138.42
436,2020-05-11,s20 , 05/2020,145.22,153.54,152.51,149.04,144.68,153.07,152.04,148.57,133.85,144.67,143.64,140.17,131.41,142.34,141.31,137.84
437,2020-05-18,s21 , 05/2020,143.87,152.31,151.49,148.47,143.4,152.0,151.18,148.16,132.23,142.88,142.06,139.04,130.31,142.03,141.21,138.19
438,2020-05-25,s22 , 05/2020,145.03,152.73,151.13,148.21,144.53,152.38,150.78,147.86,133.82,142.79,141.19,138.27,131.28,141.1,139.5,136.58
439,2020-06-01,s23 , 06/2020,145.71,152.51,150.61,147.65,145.25,152.23,150.33,147.37,133.52,142.08,140.18,137.22,131.62,140.79,138.89,135.93
440,2020-06-08,s24 , 06/2020,147.15,152.85,150.42,147.66,146.67,152.53,150.1,147.34,134.2,143.68,141.25,138.49,133.19,140.76,138.33,135.57
441,2020-06-15,s25 , 06/2020,150.6,154.5,151.05,147.88,150.18,154.23,150.78,147.61,138.32,145.58,142.13,138.96,136.4,142.87,139.42,136.25
442,2020-06-22,s26 , 06/2020,150.6,154.14,151.01,147.76,150.13,153.78,150.65,147.4,138.72,144.87,141.74,138.49,137.18,143.26,140.13,136.88
443,2020-06-29,s27 , 06/2020,148.89,153.76,150.89,147.39,148.42,153.44,150.57,147.07,136.37,144.3,141.43,137.93,134.74,142.88,140.01,136.51
444,2020-07-06,s28 , 07/2020,146.97,153.72,150.64,147.18,146.45,153.32,150.24,146.78,135.63,145.04,141.96,138.5,133.21,142.88,139.8,136.34
445,2020-07-13,s29 , 07/2020,146.94,153.9,150.76,147.31,146.35,153.54,150.4,146.95,136.02,145.26,142.12,138.67,132.99,142.03,138.89,135.44
446,2020-07-20,s30 , 07/2020,144.77,153.32,150.44,146.85,144.25,152.92,150.04,146.45,133.85,144.6,141.72,138.13,130.49,141.81,138.93,135.34
447,2020-07-27,s31 , 07/2020,144.84,153.49,150.34,147.17,144.31,153.14,149.99,146.82,133.7,145.5,142.35,139.18,130.25,142.95,139.8,136.63
448,2020-08-03,s32 , 08/2020,144.98,153.99,150.09,147.06,144.55,153.64,149.74,146.71,133.55,145.49,141.59,138.56,129.47,142.82,138.92,135.89
449,2020-08-10,s33 , 08/2020,140.67,153.09,150.05,146.57,140.24,152.6,149.56,146.08,129.53,144.39,141.35,137.87,126.26,140.57,137.53,134.05
450,2020-08-17,s34 , 08/2020,137.78,151.7,149.74,146.19,137.2,151.05,149.09,145.54,124.98,140.91,138.95,135.4,123.43,139.46,137.5,133.95
451,2020-08-24,s35 , 08/2020,135.0,151.12,149.61,146.17,134.55,150.67,149.16,145.72,123.17,141.15,139.64,136.2,120.07,139.11,137.6,134.16
452,2020-08-31,s36 , 08/2020,135.63,150.99,149.62,146.14,135.12,150.52,149.15,145.67,122.92,140.32,138.95,135.47,120.68,137.85,136.48,133.0
453,2020-09-07,s37 , 09/2020,150.75,149.7,146.08,144.11,150.18,149.18,145.56,143.59,139.12,140.62,137.0,135.03,139.37,140.07,136.45,134.48
454,2020-09-14,s38 , 09/2020,150.7,149.3,145.96,143.56,150.34,148.94,145.6,143.2,140.25,140.34,137.0,134.6,139.78,139.02,135.68,133.28
455,2020-09-21,s39 , 09/2020,151.73,149.51,145.83,142.81,151.37,149.19,145.51,142.49,141.53,140.51,136.83,133.81,140.6,139.43,135.75,132.73
456,2020-09-28,s40 , 09/2020,155.12,150.58,146.6,143.65,154.7,150.16,146.18,143.23,145.0,141.68,137.7,134.75,143.12,140.07,136.09,133.14
457,2020-10-05,s41 , 10/2020,158.24,151.45,147.1,143.95,157.77,150.94,146.59,143.44,148.4,142.16,137.81,134.66,147.32,140.8,136.45,133.3
458,2020-10-12,s42 , 10/2020,160.26,151.81,147.1,144.37,159.87,151.4,146.69,143.96,150.31,142.47,137.76,135.03,149.13,141.35,136.64,133.91
459,2020-10-19,s43 , 10/2020,159.91,152.09,146.63,143.57,159.53,151.69,146.23,143.17,150.37,143.41,137.95,134.89,148.08,141.27,135.81,132.75
460,2020-10-26,s44 , 10/2020,165.09,153.55,147.65,144.45,164.71,153.2,147.3,144.1,155.6,144.97,139.07,135.87,152.8,143.12,137.22,134.02
461,2020-11-02,s45 , 11/2020,169.94,154.54,149.06,145.11,169.6,154.2,148.72,144.77,160.32,145.49,140.01,136.06,158.96,144.27,138.79,134.84
462,2020-11-09,s46 , 11/2020,172.07,155.26,149.81,145.59,171.65,154.87,149.42,145.2,161.5,146.3,140.85,136.63,160.18,144.47,139.02,134.8
463,2020-11-16,s47 , 11/2020,182.27,157.98,150.26,146.52,182.07,157.84,150.12,146.38,171.03,147.88,140.16,136.42,170.75,147.25,139.53,135.79
464,2020-11-23,s48 , 11/2020,189.97,159.72,150.64,146.29,189.69,159.49,150.41,146.06,178.25,149.92,140.84,136.49,177.45,148.99,139.91,135.56
465,2020-11-30,s49 , 11/2020,185.07,159.75,150.77,146.26,184.72,159.44,150.46,145.95,173.38,150.01,141.03,136.52,172.44,148.69,139.71,135.2
466,2020-12-07,s50 , 12/2020,182.44,159.56,150.81,146.04,182.22,159.38,150.63,145.86,171.0,150.01,141.26,136.49,169.15,148.86,140.11,135.34
467,2020-12-14,s51 , 12/2020,182.01,159.97,150.74,146.08,181.74,159.74,150.51,145.85,171.1,151.11,141.88,137.22,169.94,149.92,140.69,136.03
468,2020-12-21,s52 , 12/2020,183.01999999999998,160.10500000000002,150.97500000000002,146.27,182.74,159.88,150.75,146.05,172.35,150.98,141.85,137.14,170.88,149.88,140.75,136.05
469,2020-12-28,s53 , 12/2020,184.03,160.24,151.21,146.46,183.74,160.02,150.99,146.24,173.6,150.84,141.81,137.06,171.82,149.84,140.81,136.06
470,2021-01-04,s01 , 01/2021,185.33,160.79,150.72,145.93,185.07,160.56,150.49,145.7,175.29,151.81,141.74,136.95,172.66,150.11,140.04,135.25
471,2021-01-11,s02 , 01/2021,186.95,161.59,151.24,146.36,186.68,161.35,151.0,146.12,176.86,152.92,142.57,137.69,175.01,151.61,141.26,136.38
472,2021-01-18,s03 , 01/2021,188.39,162.34,151.46,146.9,188.25,162.2,151.32,146.76,178.22,153.76,142.88,138.32,176.69,152.47,141.59,137.03
473,2021-01-25,s04 , 01/2021,189.42,162.73,151.92,146.81,189.17,162.5,151.69,146.58,179.52,154.97,144.16,139.05,178.2,153.3,142.49,137.38
474,2021-02-01,s05 , 02/2021,190.1,163.11,152.74,147.36,189.71,162.75,152.38,147.0,179.62,154.87,144.5,139.12,177.91,153.23,142.86,137.48
475,2021-02-08,s06 , 02/2021,192.35,163.99,152.92,147.12,191.74,163.38,152.31,146.51,181.99,155.95,144.88,139.08,180.65,154.45,143.38,137.58
476,2021-02-15,s07 , 02/2021,192.26,164.03,152.59,147.07,191.59,163.37,151.93,146.41,182.05,155.67,144.23,138.71,180.63,153.43,141.99,136.47
477,2021-02-22,s08 , 02/2021,193.07,164.08,152.6,147.04,192.53,163.55,152.07,146.51,182.03,155.27,143.79,138.23,181.4,153.96,142.48,136.92
478,2021-03-01,s09 , 03/2021,189.22,164.11,152.4,147.32,188.81,163.77,152.06,146.98,178.92,155.33,143.62,138.54,176.89,153.14,141.43,136.35
479,2021-03-08,s10 , 03/2021,186.92,164.03,152.43,147.24,186.55,163.66,152.06,146.87,175.86,154.08,142.48,137.29,174.67,153.16,141.56,136.37
480,2021-03-15,s11 , 03/2021,189.62,164.87,152.76,147.64,189.33,164.61,152.5,147.38,177.46,154.79,142.68,137.56,177.23,153.56,141.45,136.33
481,2021-03-22,s12 , 03/2021,190.57,164.31,153.18,147.89,190.19,163.92,152.79,147.5,178.53,154.94,143.81,138.52,177.58,152.85,141.72,136.43
482,2021-03-29,s13 , 03/2021,194.27,165.07,154.14,148.36,194.03,164.82,153.89,148.11,183.09,155.16,144.23,138.45,181.94,154.08,143.15,137.37
483,2021-04-05,s14 , 04/2021,197.51,166.81,154.8,148.79,197.07,166.36,154.35,148.34,186.21,156.83,144.82,138.81,184.77,155.23,143.22,137.21
484,2021-04-12,s15 , 04/2021,213.11,170.44,157.41,149.97,212.94,170.26,157.23,149.79,200.54,160.41,147.38,139.94,199.78,158.64,145.61,138.17
485,2021-04-19,s16 , 04/2021,225.27,176.61,160.39,151.45,225.04,176.37,160.15,151.21,212.01,166.52,150.3,141.36,211.27,164.77,148.55,139.61
486,2021-04-26,s17 , 04/2021,229.85,180.72,161.41,152.55,229.69,180.58,161.27,152.41,217.37,170.21,150.9,142.04,216.13,169.0,149.69,140.83
487,2021-05-03,s18 , 05/2021,238.75,186.03,164.38,154.67,238.64,185.93,164.28,154.57,225.03,175.25,153.6,143.89,224.54,174.05,152.4,142.69
488,2021-05-10,s19 , 05/2021,242.65,189.71,165.33,155.77,242.47,189.56,165.18,155.62,227.29,178.52,154.14,144.58,228.2,178.21,153.83,144.27
489,2021-05-17,s20 , 05/2021,248.11,192.86,166.34,156.71,247.94,192.69,166.17,156.54,232.88,181.98,155.46,145.83,233.6,181.13,154.61,144.98
490,2021-05-24,s21 , 05/2021,259.07,196.4,168.58,158.27,258.87,196.2,168.38,158.07,244.29,185.33,157.51,147.2,244.75,185.14,157.32,147.01
491,2021-05-31,s22 , 05/2021,291.9,204.32,170.98,159.81,291.66,204.15,170.81,159.64,277.25,193.38,160.04,148.87,277.2,192.55,159.21,148.04
492,2021-06-07,s23 , 06/2021,299.6,209.76,171.88,160.1,299.42,209.58,171.7,159.92,283.21,198.62,160.74,148.96,284.05,197.43,159.55,147.77
493,2021-06-14,s24 , 06/2021,327.51,220.14,176.06,163.29,327.2,219.83,175.75,162.98,309.1,207.67,163.59,150.82,309.23,206.64,162.56,149.79
494,2021-06-21,s25 , 06/2021,343.14,230.62,178.23,164.13,342.86,230.34,177.95,163.85,320.68,215.94,163.55,149.45,323.57,217.29,164.9,150.8
495,2021-06-28,s26 , 06/2021,352.9,241.0,180.97,165.31,352.59,240.72,180.69,165.03,326.73,226.59,166.56,150.9,330.71,227.21,167.18,151.52
496,2021-07-05,s27 , 07/2021,356.42,244.0,183.26,166.49,356.25,243.83,183.09,166.32,331.95,228.86,168.12,151.35,334.6,229.56,168.82,152.05
497,2021-07-12,s28 , 07/2021,350.85,242.13,183.74,166.56,350.69,241.97,183.58,166.4,326.63,227.77,169.38,152.2,329.57,227.97,169.58,152.4
498,2021-07-19,s29 , 07/2021,348.76,240.34,184.51,167.44,348.63,240.25,184.42,167.35,323.86,225.36,169.53,152.46,327.26,226.01,170.18,153.11
499,2021-07-26,s30 , 07/2021,340.95,239.13,183.65,167.53,340.74,238.93,183.45,167.33,316.93,224.69,169.21,153.09,319.88,224.63,169.15,153.03
500,2021-08-02,s31 , 08/2021,342.41,239.7,183.7,167.55,342.21,239.45,183.45,167.3,318.74,225.81,169.81,153.66,319.6,224.93,168.93,152.78
501,2021-08-09,s32 , 08/2021,346.91,240.31,184.95,168.71,346.83,240.23,184.87,168.63,324.1,225.97,170.61,154.37,325.4,225.89,170.53,154.29
502,2021-08-16,s33 , 08/2021,352.08,244.15,185.56,169.29,351.94,244.05,185.46,169.19,329.79,229.44,170.85,154.58,330.81,229.67,171.08,154.81
503,2021-08-23,s34 , 08/2021,353.09,246.04,186.25,169.91,352.85,245.83,186.04,169.7,330.75,230.37,170.58,154.24,331.45,231.05,171.26,154.92
504,2021-08-30,s35 , 08/2021,352.48,247.03,186.68,170.39,352.27,246.78,186.43,170.14,329.61,231.66,171.31,155.02,331.05,231.7,171.35,155.06
505,2021-09-06,s36 , 09/2021,248.03,186.97,170.43,160.4,247.97,186.92,170.38,160.35,231.12,174.33,157.79,147.76,231.5,173.88,157.34,147.31
506,2021-09-13,s37 , 09/2021,247.59,186.8,170.6,160.49,247.42,186.63,170.43,160.32,231.04,174.31,158.11,148.0,231.61,174.73,158.53,148.42
507,2021-09-20,s38 , 09/2021,246.94,186.69,170.19,160.54,246.77,186.51,170.01,160.36,231.22,173.71,157.21,147.56,230.89,174.13,157.63,147.98
508,2021-09-27,s39 , 09/2021,240.48,184.53,169.36,159.96,240.36,184.42,169.24,159.87,224.17,171.72,159.18,150.62,224.04,172.26,158.47,149.4
509,2021-10-04,s40 , 10/2021,232.12,181.84,168.56,159.3,231.96,181.67,168.39,159.13,215.32,168.76,158.71,149.83,215.55,168.83,157.87,149.21
510,2021-10-11,s41 , 10/2021,222.03,179.88,167.89,159.7,221.75,179.61,167.62,159.43,205.77,166.73,157.92,150.1,205.68,166.71,157.29,149.34
511,2021-10-18,s42 , 10/2021,216.84,178.12,167.07,158.77,216.7,177.99,166.94,158.64,200.19,164.79,157.62,149.68,200.49,164.9,156.76,148.6
512,2021-10-25,s43 , 10/2021,215.08,177.2,166.36,158.61,214.91,177.04,166.2,158.45,198.93,164.34,157.11,150.08,198.82,164.29,155.79,148.22
513,2021-11-01,s44 , 11/2021,214.3,176.98,165.4,157.71,214.27,176.88,165.31,157.62,198.26,164.28,155.25,147.91,198.26,163.7,154.59,147.52
514,2021-11-08,s45 , 11/2021,210.66,175.64,165.17,157.12,210.45,175.43,164.96,156.91,194.93,163.57,155.5,147.99,194.92,162.28,153.48,146.16
515,2021-11-15,s46 , 11/2021,209.26,175.46,164.94,157.06,209.16,175.36,164.84,156.97,193.88,164.54,155.48,148.36,193.31,161.96,153.18,146.09
516,2021-11-22,s47 , 11/2021,209.65,175.35,164.92,157.43,209.51,175.22,164.79,157.3,194.42,164.39,155.69,148.94,193.36,161.6,152.93,146.18
517,2021-11-29,s48 , 11/2021,210.4,175.3,165.06,157.32,210.23,175.13,164.89,157.15,195.17,164.18,155.45,148.82,195.11,161.97,153.81,147.11
518,2021-12-06,s49 , 12/2021,217.6,176.22,165.59,157.58,217.43,176.05,165.42,157.41,202.53,165.19,156.43,149.48,202.94,163.86,154.31,147.32
519,2021-12-13,s50 , 12/2021,219.51,176.54,165.41,157.59,219.3,176.33,165.21,157.39,204.62,165.68,156.33,149.28,204.41,164.06,154.42,147.28
520,2021-12-20,s51 , 12/2021,219.89,177.86,165.92,157.68,219.64,177.68,165.74,157.5,205.38,167.04,157.42,150.56,205.49,166.08,155.24,147.9
521,2021-12-27,s52 , 12/2021,210.805,177.685,165.39999999999998,157.18,210.59,177.49,165.2,157.0,195.65,166.06,156.38,149.27,196.01,165.43,154.96,147.77
522,2022-01-03,s01 , 01/2022,201.72,177.51,164.88,156.68,201.53,177.3,164.67,156.51,185.92,165.07,155.34,147.97,186.53,164.77,154.69,147.64
523,2022-01-10,s02 , 01/2022,205.33,177.71,165.1,156.95,205.2,177.55,164.94,156.79,189.19,165.48,156.13,148.72,190.21,165.31,155.19,148.4
524,2022-01-17,s03 , 01/2022,209.17,178.65,165.39,157.26,209.09,178.57,165.28,157.14,193.81,166.68,156.91,149.02,193.88,166.3,156.08,148.83
525,2022-01-24,s04 , 01/2022,210.51,179.4,165.59,157.26,210.48,179.37,165.55,157.22,195.41,167.84,156.83,148.87,195.48,167.16,155.87,148.56
526,2022-01-31,s05 , 01/2022,205.48,179.28,166.24,157.07,205.4,179.2,166.16,156.99,190.41,167.62,157.77,148.99,190.29,167.04,156.78,148.28
527,2022-02-07,s06 , 02/2022,193.39,178.18,165.58,157.07,193.31,178.1,165.5,156.99,178.19,166.04,156.8,149.04,177.69,165.95,155.83,148.35
528,2022-02-14,s07 , 02/2022,195.47,179.63,166.02,157.18,195.27,179.42,165.9,157.06,180.88,167.73,157.5,149.14,180.4,167.58,157.02,148.82
529,2022-02-21,s08 , 02/2022,209.14,181.67,167.16,157.87,209.02,181.55,167.05,157.76,193.77,169.5,158.53,149.54,193.74,169.32,158.02,149.41
530,2022-02-28,s09 , 02/2022,211.95,183.81,167.15,157.95,211.84,183.72,167.04,157.84,197.54,171.4,158.09,149.4,196.7,171.12,157.45,149.28
531,2022-03-07,s10 , 03/2022,216.4,185.77,167.35,157.84,216.34,185.71,167.29,157.78,201.44,173.73,158.58,149.5,201.33,173.37,157.57,149.24
532,2022-03-14,s11 , 03/2022,222.94,188.59,168.25,158.84,222.86,188.51,168.17,158.76,208.33,176.68,159.48,150.74,207.79,176.06,158.53,150.44
533,2022-03-21,s12 , 03/2022,216.93,188.18,168.6,159.1,216.86,188.11,168.53,159.03,202.35,176.41,159.61,150.97,202.17,175.99,159.09,150.52
534,2022-03-28,s13 , 03/2022,212.62,188.67,168.46,158.67,212.47,188.52,168.31,158.52,198.21,177.01,159.58,150.5,197.82,176.33,158.78,150.05
535,2022-04-04,s14 , 04/2022,212.11,189.07,168.13,158.38,212.02,188.93,167.99,158.24,197.71,177.55,159.19,150.17,197.52,176.89,158.67,149.73
536,2022-04-11,s15 , 04/2022,203.49,188.04,168.33,158.7,203.42,187.96,168.25,158.62,189.08,176.37,159.42,150.8,189.0,176.07,159.13,150.41
537,2022-04-18,s16 , 04/2022,200.03,187.88,168.15,158.37,199.96,187.81,168.08,158.3,185.68,176.33,159.59,150.48,185.61,176.22,159.46,150.33
538,2022-04-25,s17 , 04/2022,194.31,186.37,167.57,158.02,194.24,186.3,167.5,157.95,180.0,174.82,158.73,149.97,179.6,174.3,158.4,149.57
539,2022-05-02,s18 , 05/2022,188.04,183.8,167.44,158.22,187.96,183.72,167.36,158.14,173.44,171.65,158.02,149.86,173.17,171.6,157.88,149.62
540,2022-05-09,s19 , 05/2022,193.54,185.08,167.46,158.39,193.46,185.0,167.38,158.31,178.55,173.42,158.65,150.34,178.95,173.33,158.23,150.0
541,2022-05-16,s20 , 05/2022,202.01,187.82,168.22,158.91,201.95,187.7,168.1,158.79,187.42,176.12,159.67,150.71,186.82,175.68,158.78,150.28
542,2022-05-23,s21 , 05/2022,196.33,186.84,167.75,158.49,196.22,186.73,167.64,158.38,182.26,175.24,158.64,150.28,181.98,175.08,158.51,150.11
543,2022-05-30,s22 , 05/2022,185.74,183.86,167.3,158.15,185.6,183.69,167.13,157.98,172.31,172.99,158.47,150.13,172.16,172.5,158.19,149.86
544,2022-06-06,s23 , 06/2022,189.28,185.0,167.36,158.08,189.16,184.89,167.26,157.98,176.14,174.0,158.63,150.23,175.74,173.58,158.36,149.94
545,2022-06-13,s24 , 06/2022,183.3,182.35,167.1,157.88,183.22,182.21,166.96,157.74,170.03,171.16,158.06,150.1,169.34,170.88,157.89,149.65
546,2022-06-20,s25 , 06/2022,178.34,180.43,166.85,157.63,178.19,180.28,166.7,157.48,164.85,168.82,157.58,149.83,164.84,168.76,157.28,149.33
547,2022-06-27,s26 , 06/2022,175.13,178.88,166.41,157.0,175.01,178.76,166.29,156.88,162.36,167.24,157.42,149.09,162.06,167.32,156.68,148.52
548,2022-07-04,s27 , 07/2022,172.6,177.37,166.01,156.95,172.45,177.22,165.93,156.87,159.25,165.63,156.34,148.98,159.24,165.72,156.35,148.89
549,2022-07-11,s28 , 07/2022,170.26,176.02,165.8,157.03,170.21,175.9,165.6,156.83,156.79,164.52,156.23,148.89,157.06,164.51,156.37,148.92
550,2022-07-18,s29 , 07/2022,174.96,176.32,165.91,156.81,174.96,176.33,165.91,156.81,162.02,164.84,156.33,148.54,161.78,164.59,156.3,148.18
551,2022-07-25,s30 , 07/2022,167.73,172.94,165.71,156.51,167.58,172.79,165.56,156.36,155.08,161.71,156.13,148.33,154.94,161.37,156.05,148.25
552,2022-08-01,s31 , 08/2022,164.61,169.26,165.06,155.96,164.51,169.16,164.96,155.86,151.75,157.58,155.71,147.61,151.42,157.59,155.51,147.2
553,2022-08-08,s32 , 08/2022,163.7,168.7,164.92,156.21,163.56,168.54,164.76,156.05,151.01,157.53,155.82,148.16,150.98,157.19,155.61,147.79
554,2022-08-15,s33 , 08/2022,161.93,166.96,164.83,155.85,161.8,166.84,164.71,155.73,149.21,155.7,155.83,147.66,149.04,155.36,155.29,147.24
555,2022-08-22,s34 , 08/2022,154.87,163.97,163.53,155.42,154.74,163.84,163.32,155.21,142.11,152.61,154.77,147.24,141.92,152.12,154.37,147.1
556,2022-08-29,s35 , 08/2022,153.72,162.99,162.73,155.43,153.66,162.89,162.62,155.32,140.94,151.82,153.91,147.38,140.95,151.32,153.86,147.37
557,2022-09-05,s36 , 09/2022,159.76,160.26,154.75,150.64,159.66,160.16,154.67,150.56,148.36,151.15,146.49,143.19,148.27,150.88,146.52,142.75
558,2022-09-12,s37 , 09/2022,157.36,158.37,154.47,150.14,157.22,158.23,154.33,150.0,146.43,149.13,146.58,142.95,146.01,148.77,146.32,142.38
559,2022-09-19,s38 , 09/2022,155.96,156.68,153.87,150.16,155.84,156.56,153.75,150.04,145.15,147.8,146.35,143.11,144.59,147.21,145.96,142.9
560,2022-09-26,s39 , 09/2022,149.77,152.96,152.18,149.51,149.63,152.85,152.07,149.4,138.97,143.98,144.51,142.47,138.3,143.68,144.44,142.46
561,2022-10-03,s40 , 10/2022,144.23,149.53,150.28,148.82,144.11,149.42,150.17,148.7,133.59,140.64,142.82,142.05,132.94,140.44,142.62,141.93
562,2022-10-10,s41 , 10/2022,136.54,145.15,148.0,146.85,136.41,145.02,147.88,146.73,125.66,135.99,140.26,139.69,125.26,135.62,139.93,139.53
563,2022-10-17,s42 , 10/2022,133.94,142.44,145.99,145.74,133.72,142.22,145.77,145.52,123.71,133.91,138.26,138.58,123.39,133.68,137.98,138.21
564,2022-10-24,s43 , 10/2022,134.66,141.91,144.6,145.12,134.53,141.78,144.47,145.0,124.8,133.24,136.9,138.06,124.36,132.71,136.55,137.63
565,2022-10-31,s44 , 10/2022,136.17,142.95,144.62,144.9,136.07,142.78,144.45,144.79,126.86,134.51,136.94,137.93,125.69,133.66,136.65,137.76
566,2022-11-07,s45 , 11/2022,135.1,142.52,144.8,144.61,135.04,142.46,144.74,144.55,125.53,133.92,137.21,137.6,124.4,133.29,136.64,137.21
567,2022-11-14,s46 , 11/2022,131.84,141.24,143.1,143.25,131.77,141.17,143.03,143.18,122.4,132.61,135.67,136.37,121.32,131.96,134.92,135.62
568,2022-11-21,s47 , 11/2022,130.75,140.77,142.4,142.76,130.71,140.73,142.36,142.72,121.57,132.8,135.22,136.15,121.01,132.48,134.77,135.66
569,2022-11-28,s48 , 11/2022,129.27,139.94,141.89,142.35,129.23,139.9,141.85,142.3,120.7,132.09,134.6,136.03,119.71,131.88,134.22,135.22
570,2022-12-05,s49 , 12/2022,123.44,137.43,140.05,140.65,123.34,137.29,139.89,140.49,115.16,129.81,132.89,133.93,114.38,129.54,132.54,133.44
571,2022-12-12,s50 , 12/2022,119.47,135.78,138.48,139.78,119.41,135.71,138.4,139.7,111.66,128.38,131.07,132.66,111.14,128.18,131.05,132.54
572,2022-12-19,s51 , 12/2022,116.3,132.78,136.8,138.27,116.19,132.67,136.69,138.16,108.89,125.81,130.05,131.95,108.63,125.47,129.84,131.43
573,2022-12-26,s52 , 12/2022,115.49,130.66,135.5,137.54,115.37,130.54,135.38,137.42,108.37,123.65,128.53,131.17,107.82,123.12,128.08,130.67
574,2023-01-02,s01 , 01/2023,111.35,128.69,134.14,136.69,111.23,128.57,134.02,136.57,104.3,121.88,127.39,130.38,103.93,121.44,127.15,129.78
575,2023-01-09,s02 , 01/2023,97.85,113.04,128.22,132.62,97.74,112.93,128.1,132.5,91.96,106.45,121.55,126.3,92.08,106.43,121.71,126.08
576,2023-01-16,s03 , 01/2023,92.39,106.85,120.6,128.72,92.32,106.73,120.48,128.53,86.69,100.4,113.92,122.18,86.84,100.25,113.71,121.75
577,2023-01-23,s04 , 01/2023,88.79,103.51,114.92,125.05,88.7,103.44,114.85,125.0,83.93,97.84,108.77,118.94,83.84,97.69,108.41,118.63
578,2023-01-30,s05 , 01/2023,85.87,100.98,110.56,122.23,85.82,100.92,110.5,122.17,81.55,95.72,104.89,116.58,81.63,95.55,104.41,116.19
579,2023-02-06,s06 , 02/2023,85.25,99.33,109.56,120.27,85.14,99.22,109.45,120.12,81.32,94.24,103.99,114.74,81.21,94.0,103.63,114.56
580,2023-02-13,s07 , 02/2023,83.9,98.84,108.57,118.43,83.79,98.73,108.46,118.29,79.91,93.89,102.85,112.75,80.06,93.7,102.84,112.48
581,2023-02-20,s08 , 02/2023,82.91,98.59,107.95,118.03,82.84,98.52,107.88,117.95,79.28,93.88,102.76,112.86,79.29,93.77,102.29,112.44
582,2023-02-27,s09 , 02/2023,81.76,97.65,107.1,117.13,81.67,97.57,107.02,117.05,78.62,93.04,101.73,111.77,78.34,92.8,101.37,111.5
583,2023-03-06,s10 , 03/2023,80.98,96.35,106.31,116.42,80.91,96.31,106.25,116.36,78.03,91.68,100.94,110.95,77.63,91.51,100.48,110.48
584,2023-03-13,s11 , 03/2023,79.89,93.81,105.08,115.46,79.82,93.74,105.01,115.39,77.38,89.32,99.83,110.06,76.91,89.12,99.41,109.73
585,2023-03-20,s12 , 03/2023,78.27,92.54,103.67,114.16,78.22,92.49,103.61,114.1,75.85,88.11,98.41,108.75,75.78,88.02,98.0,108.39
586,2023-03-27,s13 , 03/2023,77.46,90.57,102.34,112.46,77.42,90.52,102.29,112.41,75.08,86.75,97.68,107.67,75.05,86.67,97.68,107.64
587,2023-04-03,s14 , 04/2023,75.62,87.92,98.9,109.1,75.57,87.85,98.82,109.02,73.77,84.42,94.86,104.92,73.8,84.47,94.62,104.74
588,2023-04-10,s15 , 04/2023,74.37,85.9,97.02,107.65,74.33,85.86,96.98,107.61,72.95,82.64,93.07,103.57,72.83,82.59,92.96,103.46
589,2023-04-17,s16 , 04/2023,72.34,83.23,94.56,105.38,72.3,83.19,94.52,105.34,71.16,80.29,91.04,101.33,71.22,80.4,90.92,101.32
590,2023-04-24,s17 , 04/2023,70.97,80.89,91.69,102.88,70.88,80.79,91.59,102.78,69.9,78.08,88.34,99.32,69.97,78.21,88.35,99.31
591,2023-05-01,s18 , 05/2023,69.89,77.84,88.03,98.88,69.86,77.79,87.98,98.82,68.9,75.39,84.78,95.33,69.07,75.23,84.51,95.28
592,2023-05-08,s19 , 05/2023,70.07,76.48,86.28,96.49,70.04,76.44,86.24,96.45,69.33,74.16,83.25,92.95,69.4,74.12,82.99,92.96
593,2023-05-15,s20 , 05/2023,71.16,82.08,89.81,98.15,71.15,82.0,89.73,98.07,70.25,79.84,86.63,94.75,70.43,79.85,86.54,94.6
594,2023-05-22,s21 , 05/2023,72.77,89.78,98.27,105.13,72.73,89.73,98.21,105.06,71.73,87.29,94.89,101.43,71.82,87.25,94.86,101.35
595,2023-05-29,s22 , 05/2023,72.21,85.86,95.43,103.4,72.18,85.77,95.34,103.31,71.26,83.28,92.06,99.74,71.36,83.26,92.06,99.78
596,2023-06-05,s23 , 06/2023,71.84,84.37,94.9,102.84,71.8,84.32,94.85,102.79,70.93,81.99,91.53,99.08,70.94,82.05,91.43,99.06
597,2023-06-12,s24 , 06/2023,71.53,83.38,93.38,101.72,71.48,83.3,93.3,101.62,70.63,81.18,90.32,98.32,70.69,81.11,90.16,98.11
598,2023-06-19,s25 , 06/2023,71.02,82.49,92.49,100.81,71.01,82.48,92.48,100.79,70.24,80.52,89.6,97.55,70.28,80.55,89.62,97.25
599,2023-06-26,s26 , 06/2023,70.5,83.16,93.17,101.35,70.49,83.15,93.16,101.33,69.77,81.25,90.41,98.27,69.77,81.33,90.4,98.17
600,2023-07-03,s27 , 07/2023,69.83,84.55,94.38,102.63,69.82,84.54,94.31,102.56,69.14,82.64,91.72,99.65,69.2,82.78,91.6,99.62
601,2023-07-10,s28 , 07/2023,69.5,85.31,95.16,103.63,69.49,85.3,95.12,103.59,68.96,83.5,92.51,100.72,68.95,83.57,92.51,100.69
602,2023-07-17,s29 , 07/2023,68.46,84.61,95.08,103.83,68.45,84.6,95.06,103.81,68.05,82.72,92.32,100.59,68.06,82.78,92.41,100.49
603,2023-07-24,s30 , 07/2023,68.02,84.5,95.22,104.17,68.01,84.46,95.15,104.1,67.69,82.77,92.31,100.92,67.71,82.76,92.19,100.84
604,2023-07-31,s31 , 07/2023,67.74,84.16,94.9,104.25,67.73,84.15,94.89,104.24,67.36,82.37,92.09,101.06,67.36,82.48,92.31,101.26
605,2023-08-07,s32 , 08/2023,67.03,84.22,94.81,104.24,67.03,84.21,94.8,104.23,66.56,82.37,92.05,100.98,66.58,82.44,92.19,100.92
606,2023-08-14,s33 , 08/2023,66.84,83.46,94.5,104.2,66.83,83.45,94.49,104.19,66.57,81.72,91.95,101.21,66.6,81.75,91.92,101.23
607,2023-08-21,s34 , 08/2023,66.62,82.18,93.72,104.16,66.61,82.15,93.67,104.11,66.38,80.46,91.09,101.05,66.43,80.54,91.11,101.07
608,2023-08-28,s35 , 08/2023,65.98,80.45,91.55,102.96,65.98,80.44,91.54,102.95,65.67,78.46,88.69,99.62,65.72,78.61,88.87,99.74
609,2023-09-04,s36 , 09/2023,79.64,90.36,102.42,114.04,79.63,90.35,102.41,114.03,77.92,87.62,99.45,110.71,78.06,87.81,99.47,110.8
610,2023-09-11,s37 , 09/2023,79.23,90.04,102.12,113.26,79.22,90.03,102.11,113.25,77.66,87.51,99.3,110.37,77.7,87.41,99.23,110.12
611,2023-09-18,s38 , 09/2023,78.67,89.26,101.83,112.57,78.66,89.25,101.82,112.56,77.19,86.62,99.03,109.68,77.24,86.53,98.89,109.5
612,2023-09-25,s39 , 09/2023,80.47,90.8,102.94,112.93,80.43,90.76,102.9,112.89,78.77,88.07,100.09,109.9,78.95,88.02,100.07,109.88
613,2023-10-02,s40 , 10/2023,83.27,93.72,104.66,114.59,83.26,93.71,104.64,114.57,81.58,91.03,101.93,111.46,81.7,90.92,101.85,111.3
614,2023-10-09,s41 , 10/2023,93.21,101.66,110.21,117.9,93.2,101.65,110.2,117.89,91.38,98.78,107.37,114.81,91.53,98.65,107.34,114.57
615,2023-10-16,s42 , 10/2023,93.29,102.47,111.86,118.01,93.28,102.46,111.85,118.0,91.42,99.5,108.96,114.57,91.63,99.84,109.09,114.65
616,2023-10-23,s43 , 10/2023,93.2,103.13,112.52,118.1,93.19,103.12,112.51,118.09,91.39,100.38,109.81,115.1,91.51,100.46,109.84,115.15
617,2023-10-30,s44 , 10/2023,95.55,105.88,115.02,119.66,95.51,105.86,114.99,119.63,93.77,103.17,112.22,116.61,93.84,103.17,112.18,116.58
618,2023-11-06,s45 , 11/2023,95.88,105.9,115.2,119.86,95.87,105.89,115.19,119.85,94.14,103.17,112.16,116.78,94.17,103.05,112.18,116.74
619,2023-11-13,s46 , 11/2023,100.77,111.37,118.58,121.66,100.76,111.36,118.57,121.65,98.83,108.39,115.38,118.31,98.91,108.6,115.54,118.49
620,2023-11-20,s47 , 11/2023,106.19,115.83,121.16,124.32,106.16,115.79,121.12,124.28,104.35,113.06,118.13,121.04,104.35,113.01,118.16,121.05
621,2023-11-27,s48 , 11/2023,101.72,114.23,122.25,126.48,101.71,114.22,122.24,126.46,99.59,111.33,119.11,123.15,99.65,111.61,119.28,123.31
622,2023-12-04,s49 , 12/2023,102.62,115.43,122.3,126.95,102.59,115.39,122.26,126.89,100.72,112.84,119.43,123.77,100.69,112.75,119.33,123.67
623,2023-12-11,s50 , 12/2023,106.63,117.82,124.65,128.18,106.59,117.78,124.6,128.13,104.67,115.18,121.76,125.09,104.69,115.16,121.79,125.05
624,2023-12-18,s51 , 12/2023,109.48,121.74,127.25,129.84,109.46,121.72,127.23,129.82,107.5,119.06,124.34,126.68,107.67,119.18,124.42,126.76
625,2023-12-25,s52 , 12/2023,106.23,119.81,127.25,129.83,106.21,119.79,127.23,129.81,104.33,117.24,124.41,126.94,104.35,117.19,124.37,126.85
626,2024-01-01,s01 , 01/2024,106.33,121.31,127.88,131.13,106.32,121.29,127.86,131.11,104.27,118.53,125.07,128.2,104.3,118.49,125.04,128.23
627,2024-01-08,s02 , 01/2024,112.52,128.16,132.39,134.54,112.5,128.14,132.37,134.52,110.59,125.52,129.46,131.39,110.62,125.58,129.5,131.43
628,2024-01-15,s03 , 01/2024,122.66,137.69,141.01,144.22,122.64,137.67,140.99,144.2,120.81,135.03,137.91,140.92,120.87,135.05,137.97,141.01
629,2024-01-22,s04 , 01/2024,119.65,135.37,139.87,143.07,119.61,135.32,139.82,143.01,117.69,132.8,136.94,139.99,117.62,132.71,136.9,139.84
630,2024-01-29,s05 , 01/2024,138.38,149.26,151.14,151.56,138.29,149.18,151.06,151.48,136.09,146.2,147.85,148.0,136.01,146.11,147.88,148.0
631,2024-02-05,s06 , 02/2024,159.6,160.31,158.25,157.52,159.57,160.25,158.19,157.45,156.79,156.75,154.46,153.46,156.73,156.72,154.5,153.46
632,2024-02-12,s07 , 02/2024,159.56,153.2,153.79,153.16,159.5,153.14,153.73,153.1,156.79,149.97,150.26,149.45,156.68,149.96,150.29,149.43
633,2024-02-19,s08 , 02/2024,155.115,150.92,151.25,151.20999999999998,155.06,150.87,151.2,151.16,152.22,147.64,147.67,147.5,152.18,147.66,147.75,147.54
634,2024-02-26,s09 , 02/2024,150.67,148.64,148.71,149.26,150.63,148.6,148.67,149.22,147.64,145.31,145.08,145.56,147.68,145.36,145.21,145.66
635,2024-03-04,s10 , 03/2024,157.88,154.33,149.53,146.92,157.82,154.27,149.47,146.87,154.5,150.93,146.12,143.44,154.46,150.93,146.09,143.41
636,2024-03-11,s11 , 03/2024,164.95,159.83,150.96,147.17,164.88,159.75,150.88,147.09,160.6,156.06,147.33,143.44,160.59,156.04,147.3,143.42
637,2024-03-18,s12 , 03/2024,154.84,153.55,148.78,146.73,154.78,153.49,148.72,146.67,150.19,149.43,144.87,142.74,150.24,149.18,144.65,142.56
638,2024-03-25,s13 , 03/2024,154.53,154.21,147.54,145.07,154.45,154.13,147.46,144.99,149.88,149.92,143.63,141.15,149.98,149.93,143.59,141.11
639,2024-04-01,s14 , 04/2024,144.1,145.65,144.57,143.21,143.93,145.49,144.43,143.1,139.78,141.67,140.68,139.45,139.67,141.47,140.62,139.34
640,2024-04-08,s15 , 04/2024,123.39,134.38,134.01,133.92,123.28,134.28,133.92,133.84,119.25,130.43,130.21,130.09,119.53,130.38,130.2,130.12
641,2024-04-15,s16 , 04/2024,126.91,137.32,136.79,136.05,126.81,137.22,136.7,135.96,122.78,133.35,132.87,132.17,122.9,133.28,132.79,132.06
642,2024-04-22,s17 , 04/2024,121.39,135.33,135.85,135.93,121.32,135.26,135.78,135.86,117.31,131.23,131.91,131.97,117.46,131.29,131.84,131.92
643,2024-04-29,s18 , 04/2024,121.08,135.75,135.8,135.92,121.0,135.66,135.71,135.83,117.13,131.63,131.88,132.02,117.23,131.94,131.92,132.18
644,2024-05-06,s19 , 05/2024,128.62,139.51,138.12,137.05,128.54,139.43,138.04,136.97,124.11,135.12,133.66,132.54,124.49,135.24,133.63,132.61
645,2024-05-13,s20 , 05/2024,135.38,141.93,140.18,139.25,135.32,141.86,140.11,139.18,131.14,137.5,135.8,134.89,130.93,137.53,135.71,134.84
646,2024-05-20,s21 , 05/2024,138.99,141.87,141.08,139.72,138.92,141.8,141.01,139.65,134.45,137.26,136.58,135.23,134.5,137.38,136.47,135.16
647,2024-05-27,s22 , 05/2024,150.66,148.29,143.16,141.62,150.59,148.21,143.06,141.51,146.08,143.63,138.61,137.11,146.04,143.41,138.31,136.85
648,2024-06-03,s23 , 06/2024,152.55,151.37,144.95,142.66,152.48,151.3,144.87,142.57,147.7,146.55,140.36,138.16,147.51,146.4,140.1,137.89
649,2024-06-10,s24 , 06/2024,146.76,146.32,142.74,140.36,146.7,146.26,142.68,140.29,142.07,141.71,138.26,135.92,141.95,141.55,138.04,135.75
650,2024-06-17,s25 , 06/2024,155.75,152.47,144.48,142.23,155.72,152.44,144.45,142.2,150.26,147.39,139.51,137.29,150.39,147.24,139.45,137.28
651,2024-06-24,s26 , 06/2024,161.03,157.07,147.81,143.71,161.0,157.04,147.78,143.68,155.33,151.93,142.8,138.83,155.35,151.85,142.69,138.63
652,2024-07-01,s27 , 07/2024,168.45,157.64,146.82,143.68,168.38,157.56,146.75,143.61,161.84,151.7,141.17,138.1,162.34,151.9,141.31,138.35
653,2024-07-08,s28 , 07/2024,161.99,154.76,145.64,142.37,161.92,154.67,145.55,142.28,155.84,148.81,140.08,136.89,156.42,149.71,140.45,137.66
654,2024-07-15,s29 , 07/2024,164.79,156.01,146.69,142.97,164.73,155.94,146.64,142.92,158.51,150.22,141.17,137.64,158.72,150.26,141.01,137.66
655,2024-07-22,s30 , 07/2024,150.62,150.74,144.5,141.94,150.57,150.68,144.45,141.89,143.86,144.43,139.08,136.72,144.15,144.47,138.54,136.36
656,2024-07-29,s31 , 07/2024,156.15,151.19,144.9,141.39,156.08,151.12,144.84,141.33,149.21,144.94,139.57,136.28,149.86,144.9,139.31,136.25
657,2024-08-05,s32 , 08/2024,168.15,155.25,145.82,142.19,168.08,155.17,145.74,142.11,160.89,148.37,139.5,136.34,161.36,148.35,139.64,136.59
658,2024-08-12,s33 , 08/2024,168.13,155.87,146.82,142.65,168.06,155.79,146.73,142.56,160.56,148.9,140.66,136.83,161.06,149.0,140.53,136.87
659,2024-08-19,s34 , 08/2024,172.24,157.19,147.31,142.84,172.19,157.11,147.23,142.76,164.2,149.97,141.05,136.84,165.11,150.31,141.09,137.25
660,2024-08-26,s35 , 08/2024,190.4,164.87,153.23,146.33,190.33,164.8,153.16,146.26,181.61,157.26,146.37,140.02,183.02,157.96,146.83,140.48
661,2024-09-02,s36 , 09/2024,168.06,156.11,147.06,143.35,167.96,156.01,146.96,143.25,159.12,147.95,139.55,136.14,160.4,149.27,140.69,137.33
662,2024-09-09,s37 , 09/2024,166.8,155.65,146.5,143.45,166.71,155.55,146.4,143.35,157.77,148.06,139.56,136.99,159.28,148.79,140.21,137.29
663,2024-09-16,s38 , 09/2024,165.4,153.77,145.22,142.69,165.34,153.7,145.15,142.62,155.85,145.55,138.07,136.01,157.73,146.86,138.99,136.92
664,2024-09-23,s39 , 09/2024,170.01,156.8,147.03,143.46,169.94,156.72,146.95,143.38,159.46,148.56,139.56,137.07,161.94,149.81,140.59,137.81
665,2024-09-30,s40 , 09/2024,170.97,155.66,145.24,142.44,170.9,155.59,145.17,142.37,159.94,146.5,137.33,135.2,163.23,148.25,138.51,136.37
666,2024-10-07,s41 , 10/2024,163.66,153.36,143.3,141.19,163.58,153.28,143.22,141.1,152.52,144.46,135.42,134.1,155.24,146.04,136.62,135.08
