,Subsistema,Ano,(jan)MWmed,(jan)% med.,(fev)MWmed,(fev)% med.,(mar)MWmed,(mar)% med.,(abr)MWmed,(abr)% med.,(mai)MWmed,(mai)% med.,(jun)MWmed,(jun)% med.,(jul)MWmed,(jul)% med.,(ago)MWmed,(ago)% med.,(set)MWmed,(set)% med.,(out)MWmed,(out)% med.,(nov)MWmed,(nov)% med.,(dez)MWmed,(dez)% med.,(min)MWmed,(min)% med.,(jandez)MWmed,(jandez)% med.,(max)MWmed,(max)% med.
0,SECO,1931,69359.69,105.41,103272.43,145.67,107218.27,155.22,80246.41,146.78,55019.58,138.15,40765.81,125.4,31993.57,125.1,25434.17,123.94,25948.88,132.21,27695.6,117.09,31898.99,101.54,47609.16,99.07,25434.17,60.84,53871.88,128.87,107218.27,256.49
1,SECO,1932,69378.19,105.44,76951.88,108.54,68566.18,99.26,51823.27,94.79,40237.38,101.04,35224.44,108.35,27384.85,107.08,21334.67,103.97,17898.94,91.2,25332.62,107.1,31587.31,100.54,58570.51,121.88,17898.94,42.82,43690.85,104.52,76951.88,184.09
2,SECO,1933,79952.56,121.51,68553.65,96.7,58429.42,84.59,53341.08,97.56,38425.43,96.49,28005.79,86.15,21773.81,85.14,17187.93,83.76,16172.28,82.4,21034.83,88.93,22702.35,72.26,44445.41,92.49,16172.28,38.69,39168.71,93.7,79952.56,191.26
3,SECO,1934,57587.48,87.52,52748.75,74.4,52134.03,75.47,43281.56,79.16,30991.25,77.82,22912.1,70.48,18645.76,72.91,13764.92,67.08,13885.41,70.75,15146.49,64.04,18358.59,58.44,46559.71,96.89,13764.92,32.93,32168.0,76.95,57587.48,137.76
4,SECO,1935,72107.46,109.58,91347.3,128.85,80328.83,116.29,71662.2,131.07,44950.72,112.87,33590.26,103.33,25174.41,98.44,23909.13,116.51,21174.44,107.88,38087.33,161.03,30673.44,97.63,39462.39,82.12,21174.44,50.65,47705.66,114.12,91347.3,218.52
5,SECO,1936,46967.01,71.38,43802.82,61.79,66161.44,95.78,47741.63,87.32,33508.06,84.14,25507.14,78.46,19555.58,76.47,16929.96,82.5,19539.38,99.55,16678.07,70.51,21244.88,67.62,40447.06,84.17,16678.07,39.9,33173.59,79.36,66161.44,158.27
6,SECO,1937,75870.87,115.3,58639.46,82.71,58139.96,84.17,52206.86,95.49,38273.82,96.11,29598.69,91.05,21238.2,83.05,16973.56,82.71,14705.72,74.93,24781.34,104.77,39306.45,125.11,60809.57,126.54,14705.72,35.18,40878.71,97.79,75870.87,181.5
7,SECO,1938,64624.84,98.21,59018.22,83.25,53197.16,77.01,41785.34,76.43,33534.54,84.21,25481.22,78.38,22237.06,86.95,18444.31,89.88,16080.85,81.93,21816.51,92.24,26681.52,84.93,46346.43,96.44,16080.85,38.47,35770.67,85.57,64624.84,154.6
8,SECO,1939,65742.06,99.91,67931.86,95.82,45868.69,66.4,40958.11,74.92,32685.31,82.07,24024.45,73.9,18726.12,73.22,14969.86,72.95,13492.15,68.74,15959.2,67.47,28901.43,91.99,44957.9,93.55,13492.15,32.28,34518.1,82.58,67931.86,162.51
9,SECO,1940,66633.04,101.27,89863.79,126.76,86105.56,124.65,53644.73,98.12,40825.47,102.51,30245.42,93.04,23926.15,93.56,20451.07,99.66,18182.24,92.64,18064.2,76.37,35992.78,114.57,42625.46,88.7,18064.2,43.21,43879.99,104.97,89863.79,214.97
10,SECO,1941,57804.45,87.85,51950.19,73.28,55720.21,80.66,50923.83,93.14,32517.3,81.65,25679.57,78.99,21699.93,84.85,19843.4,96.7,21730.63,110.72,27460.15,116.1,34173.37,108.78,49740.8,103.51,19843.4,47.47,37436.99,89.56,57804.45,138.28
11,SECO,1942,56227.91,85.45,66693.89,94.08,78454.55,113.58,61066.65,111.69,43544.68,109.34,40770.57,125.41,30748.75,120.23,21334.13,103.96,21144.73,107.73,23663.17,100.04,32289.19,102.78,47800.57,99.47,21144.73,50.58,43644.9,104.41,78454.55,187.68
12,SECO,1943,90273.65,137.19,86089.39,121.43,84705.95,122.63,56175.97,102.75,38298.01,96.17,31877.03,98.06,23924.32,93.55,18857.14,91.89,17261.76,87.95,27154.43,114.8,38983.76,124.09,49448.91,102.9,17261.76,41.29,46920.86,112.25,90273.65,215.96
13,SECO,1944,46034.62,69.96,61976.41,87.42,68208.3,98.74,46837.48,85.67,31629.74,79.42,23528.12,72.37,18883.97,73.84,15157.69,73.87,13043.09,66.46,14718.43,62.23,28640.19,91.16,35308.66,73.47,13043.09,31.2,33663.89,80.53,68208.3,163.17
14,SECO,1945,52471.46,79.74,86594.94,122.15,80186.03,116.08,78618.28,143.8,46822.55,117.57,32643.64,100.41,28330.88,110.78,19257.25,93.84,16942.23,86.32,20753.66,87.74,36035.14,114.7,68439.05,142.42,16942.23,40.53,47257.93,113.05,86594.94,207.16
15,SECO,1946,91300.61,138.75,76513.59,107.93,85936.09,124.41,60060.11,109.85,41179.35,103.4,34428.49,105.91,33110.53,129.47,22546.35,109.87,18343.58,93.46,23144.77,97.85,27777.46,88.42,38095.97,79.27,18343.58,43.88,46036.41,110.13,91300.61,218.41
16,SECO,1947,64784.44,98.46,75499.14,106.5,109291.02,158.22,70238.99,128.47,43717.87,109.78,31965.02,98.33,26565.07,103.88,22705.22,110.65,26391.71,134.47,27942.59,118.14,30202.65,96.14,52319.71,108.87,22705.22,54.32,48468.62,115.95,109291.02,261.45
17,SECO,1948,62074.31,94.34,68479.08,96.59,72409.29,104.82,53065.59,97.06,34901.07,87.64,29402.37,90.44,22134.31,86.55,20214.21,98.51,15826.17,80.64,17610.85,74.46,26737.89,85.11,58696.79,122.14,15826.17,37.86,40129.33,96.0,72409.29,173.22
18,SECO,1949,63145.39,95.96,87402.68,123.29,68371.55,98.98,50562.57,92.48,37633.15,94.5,29110.84,89.55,22278.47,87.11,17581.03,85.68,14558.4,74.18,18274.02,77.26,25418.03,80.91,42011.46,87.42,14558.4,34.83,39695.63,94.96,87402.68,209.09
19,SECO,1950,54011.33,82.08,78705.57,111.02,72279.43,104.64,53911.04,98.61,38287.15,96.14,28095.04,86.42,22279.7,87.12,16440.41,80.12,13806.14,70.34,20595.5,87.07,35295.91,112.35,51976.4,108.16,13806.14,33.03,40473.64,96.82,78705.57,188.28
20,SECO,1951,65962.46,100.25,80211.09,113.14,82264.21,119.09,60447.47,110.56,39177.65,98.38,30447.63,93.66,23965.39,93.71,19121.67,93.18,16024.81,81.65,18316.79,77.44,21180.27,67.42,32799.46,68.25,16024.81,38.34,40826.58,97.67,82264.21,196.79
21,SECO,1952,43697.76,66.41,62848.08,88.65,91706.53,132.76,54701.85,100.05,35477.54,89.08,29993.49,92.26,22113.04,86.47,17321.08,84.41,16373.97,83.43,18828.28,79.6,28458.4,90.58,36010.18,74.93,16373.97,39.17,38127.52,91.21,91706.53,219.38
22,SECO,1953,34612.71,52.6,37959.58,53.54,46267.95,66.98,47456.96,86.8,30791.4,77.32,23978.83,73.76,17996.78,70.37,14314.23,69.76,14588.06,74.33,20923.17,88.46,26419.55,84.09,41322.81,85.99,14314.23,34.24,29719.34,71.1,47456.96,113.53
23,SECO,1954,39581.2,60.15,57680.7,81.36,45632.78,66.06,39229.27,71.75,41287.78,103.67,30266.03,93.1,19931.51,77.94,14234.28,69.37,11730.01,59.76,13127.15,55.5,19483.59,62.02,29479.02,61.34,11730.01,28.06,30138.61,72.1,57680.7,137.99
24,SECO,1955,45262.23,68.79,38502.33,54.31,43093.53,62.39,42014.97,76.85,27154.99,68.19,24979.3,76.84,19460.77,76.1,14083.3,68.63,12996.5,66.22,13682.94,57.85,21534.24,68.54,42336.26,88.1,12996.5,31.09,28758.45,68.8,45262.23,108.28
25,SECO,1956,47384.91,72.01,38595.96,54.44,50764.7,73.49,38397.5,70.23,38839.2,97.53,38430.32,118.21,25148.39,98.34,26335.86,128.34,18723.83,95.4,17423.26,73.66,28437.14,90.52,53100.38,110.5,17423.26,41.68,35131.79,84.04,53100.38,127.03
26,SECO,1957,68447.53,104.02,74785.83,105.49,76771.45,111.14,69711.94,127.51,44028.61,110.56,32309.15,99.39,32652.53,127.68,28219.88,137.52,34083.5,173.66,25344.15,107.15,32719.21,104.15,50251.89,104.57,25344.15,60.63,47443.81,113.5,76771.45,183.66
27,SECO,1958,51211.95,77.83,70444.76,99.37,61750.18,89.39,53501.78,97.86,42413.11,106.5,35739.53,109.94,26727.06,104.51,19685.44,95.93,22428.5,114.27,23856.74,100.86,29240.86,93.07,38715.23,80.56,19685.44,47.09,39642.93,94.84,70444.76,168.52
28,SECO,1959,76410.96,116.12,65815.35,92.84,69230.64,100.22,53685.69,98.19,35996.34,90.39,27488.39,84.56,20681.15,80.87,18026.44,87.85,14532.05,74.04,17065.97,72.15,28344.87,90.22,35398.33,73.66,14532.05,34.76,38556.35,92.24,76410.96,182.79
29,SECO,1960,61000.19,92.7,72964.37,102.92,77546.83,112.26,53603.0,98.04,40680.92,102.15,31351.74,96.44,24636.62,96.33,20466.46,99.74,16018.24,81.61,18986.59,80.27,31100.56,98.99,49682.63,103.39,16018.24,38.32,41503.18,99.29,77546.83,185.51
30,SECO,1961,82638.77,125.59,87796.87,123.84,90581.75,131.13,60914.6,111.42,49158.52,123.44,34415.09,105.86,25727.08,100.6,20005.73,97.49,17078.22,87.01,16357.26,69.16,26066.36,82.97,34465.0,71.72,16357.26,39.13,45433.77,108.69,90581.75,216.69
31,SECO,1962,57407.07,87.24,74579.19,105.2,72781.07,105.36,48005.32,87.8,35683.57,89.6,28942.79,89.03,21418.3,83.75,17683.87,86.18,17858.65,90.99,26838.35,113.47,28755.5,91.53,59753.09,124.34,17683.87,42.3,40808.9,97.62,74579.19,178.41
32,SECO,1963,75061.84,114.07,71132.82,100.34,54267.05,78.56,40531.27,74.13,29820.71,74.88,23876.94,73.45,18977.15,74.2,15405.6,75.07,12909.7,65.78,14777.37,62.48,23895.18,76.06,20959.31,43.61,12909.7,30.88,33467.91,80.06,75061.84,179.57
33,SECO,1964,46355.22,70.45,70740.94,99.78,49203.53,71.23,39556.34,72.35,31451.03,78.97,23672.33,72.82,20007.49,78.23,15982.18,77.88,12946.53,65.96,21476.26,90.8,31431.05,100.05,47098.89,98.01,12946.53,30.97,34160.15,81.72,70740.94,169.23
34,SECO,1965,73802.11,112.16,91032.62,128.41,97794.74,141.57,64775.75,118.48,54934.54,137.94,36990.88,113.79,31773.8,124.24,24161.7,117.74,18959.6,96.6,33825.09,143.01,40053.22,127.49,60669.45,126.25,18959.6,45.36,52397.79,125.35,97794.74,233.95
35,SECO,1966,82427.38,125.27,90748.93,128.01,84619.47,122.5,57936.81,105.97,43020.76,108.03,32371.95,99.58,26238.17,102.6,20946.63,102.08,19709.91,100.42,26618.4,112.54,39405.24,125.43,47904.09,99.68,19709.91,47.15,47662.31,114.02,90748.93,217.09
36,SECO,1967,74301.21,112.92,81036.27,114.31,72531.12,105.0,53810.43,98.42,35680.08,89.59,31463.42,96.78,24173.91,94.53,19159.93,93.37,17660.2,89.98,17600.6,74.41,30751.29,97.88,46887.37,97.57,17600.6,42.1,42087.99,100.68,81036.27,193.86
37,SECO,1968,59310.66,90.14,57473.31,81.07,64687.58,93.65,40481.28,74.04,28012.92,70.34,21330.87,65.62,17618.3,68.89,16750.02,81.63,15820.1,80.6,19138.0,80.91,24059.94,76.58,44339.02,92.27,15820.1,37.85,34085.17,81.54,64687.58,154.75
38,SECO,1969,41552.65,63.15,48070.45,67.81,43728.68,63.3,32767.54,59.93,23497.38,59.0,22895.31,70.43,16934.15,66.22,13359.03,65.1,11312.47,57.64,22761.38,96.23,41953.11,133.54,46722.87,97.23,11312.47,27.06,30462.92,72.87,48070.45,115.0
39,SECO,1970,65214.16,99.11,68332.55,96.39,69974.86,101.3,44817.21,81.97,33389.8,83.84,26745.12,82.27,23290.4,91.07,16564.92,80.72,21316.36,108.61,24157.61,102.13,27500.27,87.53,28815.99,59.96,16564.92,39.63,37509.94,89.73,69974.86,167.4
40,SECO,1971,38167.6,58.0,32258.96,45.5,37647.52,54.5,31207.88,57.08,24715.87,62.06,23361.57,71.86,20644.29,80.72,15066.29,73.42,14371.79,73.22,21359.5,90.3,29265.6,93.15,51553.53,107.28,14371.79,34.38,28301.7,67.7,51553.53,123.33
41,SECO,1972,48802.95,74.17,69404.05,97.9,65456.45,94.76,49455.3,90.46,32103.83,80.61,25584.33,78.7,25249.45,98.73,22124.19,107.81,22219.2,113.21,45445.41,192.13,48145.19,153.25,56722.49,118.04,22124.19,52.93,42559.4,101.81,69404.05,166.03
42,SECO,1973,64714.19,98.35,67884.42,95.75,62684.98,90.75,62376.43,114.09,41067.88,103.12,32697.23,100.58,27919.68,109.17,21607.18,105.3,21278.33,108.41,28558.93,120.74,41080.16,130.76,53657.47,111.66,21278.33,50.9,43793.91,104.77,67884.42,162.4
43,SECO,1974,75994.86,115.49,60227.08,84.95,79461.82,115.03,69839.34,127.74,45052.06,113.13,36714.35,112.94,28391.46,111.02,21672.96,105.62,19030.41,96.96,22306.27,94.31,25477.78,81.1,42575.05,88.6,19030.41,45.53,43895.29,105.01,79461.82,190.09
44,SECO,1975,60429.81,91.84,60750.99,85.69,50476.71,73.07,47592.41,87.05,32708.44,82.13,24925.17,76.67,22994.47,89.91,17353.48,84.57,14161.22,72.15,25386.07,107.33,34934.52,111.2,51394.84,106.95,14161.22,33.88,36925.68,88.33,60750.99,145.33
45,SECO,1976,51114.45,77.68,61490.81,86.74,63966.62,92.6,51845.38,94.83,39423.86,98.99,39762.53,122.31,29961.8,117.16,28103.11,136.95,31635.09,161.18,33195.0,140.34,44426.82,141.41,66042.82,137.43,28103.11,67.23,45080.69,107.84,66042.82,157.99
46,SECO,1977,83907.74,127.52,84523.94,119.23,54661.26,79.13,58092.79,106.26,40157.81,100.84,33270.02,102.34,24756.56,96.8,18786.59,91.55,21382.38,108.94,22144.12,93.62,33663.26,107.15,58693.14,122.14,18786.59,44.94,44503.3,106.46,84523.94,202.2
47,SECO,1978,83214.42,126.46,61419.13,86.64,73756.01,106.77,50582.21,92.52,39323.82,98.74,34446.58,105.96,29325.22,114.67,21585.93,105.19,21675.46,110.44,21008.61,88.82,34362.16,109.38,55312.13,115.1,21008.61,50.26,43834.31,104.86,83214.42,199.07
48,SECO,1979,80512.46,122.36,105468.74,148.77,71975.63,104.2,56357.12,103.08,47294.56,118.76,34404.12,105.83,27304.98,106.77,24592.67,119.84,30174.21,153.74,27910.55,118.0,36545.07,116.32,47992.74,99.87,24592.67,58.83,49211.07,117.72,105468.74,252.31
49,SECO,1980,85025.63,129.22,105543.58,148.87,78667.49,113.88,67720.17,123.86,45828.06,115.07,36702.29,112.9,31999.12,125.12,24528.1,119.53,25740.01,131.15,25217.69,106.62,31222.32,99.38,59828.98,124.5,24528.1,58.68,51501.95,123.2,105543.58,252.48
50,SECO,1981,80933.41,123.0,60296.19,85.05,57909.51,83.83,54837.43,100.3,38868.34,97.6,33969.77,104.49,24207.57,94.66,20015.65,97.54,16362.55,83.37,29220.14,123.54,53271.57,169.57,71680.52,149.16,16362.55,39.14,45131.06,107.96,80933.41,193.61
51,SECO,1982,97016.82,147.44,88808.95,125.27,103412.73,149.71,80604.02,147.43,54359.0,136.5,49461.56,152.15,45301.16,177.14,31062.91,151.37,25286.45,128.84,37480.6,158.46,44970.74,143.14,68909.75,143.4,25286.45,60.49,60556.22,144.86,103412.73,247.39
52,SECO,1983,108913.5,165.52,132602.53,187.04,108212.99,156.66,87154.01,159.41,71870.28,180.47,89207.03,274.41,56683.55,221.65,38100.6,185.67,48366.35,246.43,53799.22,227.45,57934.9,184.41,79078.13,164.56,38100.6,91.15,77660.26,185.78,132602.53,317.22
53,SECO,1984,74677.0,113.49,60389.92,85.18,55588.02,80.47,60822.15,111.25,49706.97,124.81,33690.63,103.64,26110.27,102.1,23751.84,115.75,25147.84,128.13,23724.22,100.3,28643.96,91.17,52759.27,109.79,23724.22,56.75,42917.67,102.67,74677.0,178.64
54,SECO,1985,85551.5,130.02,85289.76,120.31,85629.65,123.96,66868.23,122.31,49898.14,125.29,36645.47,112.72,28970.95,113.28,23678.8,115.39,21940.69,111.79,21750.18,91.96,29183.53,92.89,38801.31,80.74,21750.18,52.03,47850.68,114.47,85629.65,204.85
55,SECO,1986,65443.51,99.46,65220.53,92.0,64112.83,92.81,49657.91,90.83,43903.1,110.24,32205.12,99.07,25561.33,99.95,26617.89,129.71,20973.91,106.86,20288.6,85.78,21291.39,67.77,48592.52,101.12,20288.6,48.54,40322.39,96.46,65443.51,156.56
56,SECO,1987,63894.23,97.1,71721.8,101.17,59445.22,86.06,51366.31,93.95,48456.16,121.67,39806.9,122.45,27447.84,107.33,20796.21,101.34,20717.18,105.55,23165.33,97.94,33467.27,106.53,57805.45,120.29,20717.18,49.56,43174.16,103.28,71721.8,171.58
57,SECO,1988,58406.84,88.76,71142.26,100.35,78393.94,113.49,60339.7,110.37,47905.87,120.29,40454.8,124.44,26529.52,103.74,20556.07,100.17,17345.31,88.38,22604.78,95.57,29080.02,92.56,38666.88,80.46,17345.31,41.49,42618.83,101.95,78393.94,187.54
58,SECO,1989,67935.23,103.24,74509.98,105.1,68917.7,99.77,49985.81,91.43,38433.86,96.51,29981.36,92.23,25813.68,100.94,28308.83,137.95,28878.83,147.14,22832.31,96.53,30735.54,97.83,69023.7,143.63,22832.31,54.62,44613.07,106.72,74509.98,178.25
59,SECO,1990,90834.13,138.04,54381.79,76.71,57419.96,83.13,45702.17,83.59,39104.02,98.19,30540.48,93.95,29481.87,115.28,25030.15,121.98,28274.66,144.06,29686.17,125.51,30356.89,96.63,33069.24,68.81,25030.15,59.88,41156.8,98.46,90834.13,217.3
60,SECO,1991,59965.0,91.13,80478.28,113.52,83697.22,121.17,83542.51,152.8,49768.3,124.97,36978.42,113.75,29698.65,116.13,23296.06,113.53,20146.18,102.65,29828.11,126.11,27956.9,88.99,42316.03,88.06,20146.18,48.19,47305.97,113.17,83697.22,200.22
61,SECO,1992,70754.6,107.53,98703.32,139.23,71267.88,103.17,65039.06,118.96,61996.71,155.67,43267.45,133.09,33505.22,131.01,26515.2,129.21,32911.31,167.68,39871.7,168.57,52890.9,168.35,63667.52,132.49,26515.2,63.43,55032.57,131.65,98703.32,236.12
62,SECO,1993,60158.32,91.43,84133.23,118.67,72932.49,105.58,63156.8,115.52,44247.2,111.11,38828.06,119.44,27568.9,107.8,23922.53,116.58,26181.38,133.4,32367.2,136.84,26194.66,83.38,43102.56,89.69,23922.53,57.23,45232.78,108.21,84133.23,201.27
63,SECO,1994,76356.64,116.04,65178.59,91.94,76187.6,110.29,57690.18,105.52,42165.94,105.88,34771.94,106.96,28230.82,110.39,21631.89,105.42,17027.88,86.76,18602.48,78.65,29148.76,92.78,44731.64,93.08,17027.88,40.73,42643.7,102.01,76356.64,182.66
64,SECO,1995,64760.12,98.42,97205.07,137.11,68120.67,98.62,62364.43,114.07,45739.75,114.85,31523.39,96.97,27731.81,108.44,20022.54,97.57,17508.29,89.21,27801.27,117.54,28131.97,89.55,40591.65,84.47,17508.29,41.88,44291.75,105.96,97205.07,232.54
65,SECO,1996,63847.55,97.03,52736.57,74.39,66486.11,96.25,49492.06,90.52,35236.22,88.48,26790.67,82.41,21843.98,85.41,18279.84,89.08,23334.78,118.89,24768.33,104.72,42279.62,134.58,52966.11,110.22,18279.84,43.73,39838.49,95.3,66486.11,159.05
66,SECO,1997,103086.62,156.67,87010.63,122.73,75615.08,109.47,63218.77,115.63,45874.31,115.19,48180.64,148.21,33620.71,131.46,24616.11,119.96,22612.06,115.21,27806.74,117.56,37358.34,118.91,57550.35,119.76,22612.06,54.09,52212.53,124.9,103086.62,246.61
67,SECO,1998,51615.65,78.44,63863.16,90.08,69276.95,100.29,57879.11,105.86,42896.52,107.71,31242.95,96.11,23757.71,92.9,24581.71,119.79,25100.71,127.89,36024.64,152.31,34339.79,109.31,48341.41,100.59,23757.71,56.83,42410.03,101.45,69276.95,165.73
68,SECO,1999,69783.04,106.05,63426.5,89.47,73323.47,106.15,46521.04,85.09,34684.61,87.09,29649.46,91.2,26186.53,102.4,17992.55,87.68,18435.27,93.93,15811.03,66.85,23090.82,73.5,37342.76,77.71,15811.03,37.82,38020.59,90.95,73323.47,175.41
69,SECO,2000,65081.66,98.91,79694.77,112.41,76628.11,110.93,50165.87,91.76,32832.22,82.44,26835.05,82.55,23342.39,91.27,21330.74,103.95,32572.3,165.96,20763.19,87.78,33532.01,106.73,52429.22,109.1,20763.19,49.67,42933.96,102.71,79694.77,190.65
70,SECO,2001,50800.39,77.2,53081.27,74.87,54266.14,78.56,42589.63,77.9,32366.03,81.27,27173.07,83.59,21349.87,83.48,17373.88,84.67,17606.39,89.71,24510.6,103.63,30874.9,98.28,48681.27,101.3,17373.88,41.56,35056.12,83.86,54266.14,129.82
71,SECO,2002,75354.23,114.52,83554.92,117.86,64055.16,92.73,43525.68,79.61,37444.1,94.02,27297.5,83.97,21962.51,85.88,18956.07,92.38,19617.73,99.95,15794.51,66.78,26508.8,84.38,41390.23,86.13,15794.51,37.78,39621.79,94.78,83554.92,199.88
72,SECO,2003,70150.1,106.61,74765.56,105.46,63090.39,91.33,57603.31,105.36,36291.82,91.13,29153.92,89.68,23085.68,90.27,17968.41,87.56,16988.44,86.56,18774.89,79.38,25461.99,81.05,40186.82,83.63,16988.44,40.64,39460.11,94.4,74765.56,178.86
73,SECO,2004,59078.58,89.78,86599.41,122.15,77125.26,111.65,61168.6,111.88,47002.95,118.02,39434.12,121.3,31726.8,124.06,22346.84,108.9,17437.42,88.84,24193.36,102.28,30337.26,96.56,47121.88,98.06,17437.42,41.71,45297.71,108.36,86599.41,207.17
74,SECO,2005,76711.3,116.58,70682.15,99.7,71283.85,103.2,49792.88,91.07,38735.03,97.26,33471.7,102.96,24603.23,96.2,18977.26,92.48,21224.34,108.14,25310.69,107.01,32844.84,104.55,65003.7,135.27,18977.26,45.4,44053.41,105.39,76711.3,183.51
75,SECO,2006,60339.54,91.7,64366.77,90.79,75409.66,109.17,67272.89,123.05,39482.18,99.14,29406.96,90.46,24410.54,95.45,19904.06,97.0,20480.87,104.35,29155.71,123.26,34774.5,110.69,65413.02,136.12,19904.06,47.62,44201.39,105.74,75409.66,180.4
76,SECO,2007,106675.37,162.12,106039.84,149.58,68063.66,98.53,50486.16,92.34,41289.05,103.68,32103.44,98.75,27859.67,108.94,21919.79,106.82,15252.92,77.71,15945.12,67.41,28851.56,91.84,39091.09,81.35,15252.92,36.49,46131.47,110.36,106675.37,255.19
77,SECO,2008,50736.16,77.11,80537.24,113.6,81932.89,118.61,69848.92,127.76,49580.82,124.5,36875.46,113.43,26224.01,102.54,26088.65,127.13,18923.0,96.41,23917.92,101.12,30622.79,97.47,44856.0,93.34,18923.0,45.27,45011.99,107.68,81932.89,196.0
78,SECO,2009,65346.07,99.31,77732.91,109.65,62518.14,90.51,64684.56,118.31,44169.65,110.91,34626.11,106.51,34464.77,134.76,28723.94,139.98,34926.44,177.95,40571.18,171.53,42954.9,136.73,71826.99,149.47,28723.94,68.71,50212.14,120.12,77732.91,185.96
79,SECO,2010,83939.67,127.57,74649.62,105.3,69823.94,101.08,59973.93,109.7,39153.81,98.32,28812.9,88.63,23699.55,92.67,18179.6,88.59,15650.21,79.74,23720.44,100.29,32377.11,103.06,49690.21,103.4,15650.21,37.44,43305.92,103.6,83939.67,200.8
80,SECO,2011,85530.72,129.98,63473.16,89.53,102654.11,148.61,72068.11,131.82,45053.49,113.13,34365.44,105.71,27929.86,109.21,26595.9,129.61,18399.98,93.75,27555.42,116.5,30504.32,97.1,50596.11,105.29,18399.98,44.02,48727.22,116.57,102654.11,245.57
81,SECO,2012,83863.76,127.45,62995.93,88.86,51961.36,75.22,44432.74,81.27,39960.87,100.34,45994.98,141.48,31775.32,124.25,20202.72,98.45,16666.62,84.92,17642.11,74.59,26837.09,85.42,34448.64,71.69,16666.62,39.87,39731.85,95.05,83863.76,200.62
82,SECO,2013,57004.59,86.63,68949.49,97.26,64095.76,92.79,66522.23,121.67,38629.18,97.0,44721.05,137.57,35690.44,139.56,21998.76,107.2,19598.18,99.85,27659.16,116.94,29877.03,95.1,50036.68,104.12,19598.18,46.88,43731.88,104.62,68949.49,164.94
83,SECO,2014,43959.75,66.81,42244.22,59.59,58365.23,84.49,53706.4,98.23,37025.57,92.97,35927.35,110.52,24974.11,97.65,18957.56,92.38,16923.36,86.23,16190.71,68.45,21781.94,69.33,42178.48,87.77,16190.71,38.73,34352.89,82.18,58365.23,139.62
84,SECO,2015,33957.3,51.61,49415.17,69.7,59823.81,86.61,51422.03,94.05,44063.63,110.64,33683.34,103.61,35485.97,138.76,20490.56,99.85,23398.02,119.21,22010.22,93.05,35157.62,111.91,46294.86,96.34,20490.56,49.02,37933.54,90.75,59823.81,143.11
85,SECO,2016,82025.39,124.66,61519.23,86.78,68141.6,98.65,40552.37,74.17,35370.35,88.82,38664.31,118.93,23195.79,90.7,21286.19,103.73,18767.06,95.62,20151.96,85.2,28071.26,89.35,38218.72,79.53,18767.06,44.9,39663.69,94.88,82025.39,196.22
86,SECO,2017,45152.42,68.62,51720.82,72.96,48295.14,69.92,40921.49,74.85,40020.05,100.49,34866.14,107.25,20589.71,80.51,17554.94,85.55,13063.29,66.56,16226.63,68.6,32052.73,102.03,45684.39,95.07,13063.29,31.25,33845.65,80.97,51720.82,123.73
87,SECO,2018,64071.05,97.37,59898.82,84.49,61985.49,89.73,49689.05,90.88,31484.24,79.06,25028.7,76.99,18054.05,70.6,17145.67,83.55,16389.87,83.51,25824.04,109.18,40869.35,130.09,46355.76,96.46,16389.87,39.21,38066.34,91.06,64071.05,153.27
88,SECO,2019,42709.68,64.91,46999.75,66.3,67329.23,97.47,53451.67,97.77,39125.89,98.25,31514.81,96.94,22192.4,86.78,16496.93,80.39,13908.01,70.86,14069.62,59.48,19758.09,62.89,39771.26,82.76,13908.01,33.27,33943.95,81.2,67329.23,161.07
89,SECO,2020,49519.12,75.26,74708.31,105.38,71300.05,103.22,48035.22,87.86,32061.55,80.51,25213.72,77.56,20618.31,80.62,17616.6,85.85,13233.06,67.42,12391.65,52.39,19096.57,60.79,30633.98,63.75,12391.65,29.64,34535.68,82.62,74708.31,178.72
90,SECO,2021,46183.75,70.19,51639.17,72.84,52374.43,75.82,35139.06,64.27,25513.16,64.06,21784.74,67.01,15867.8,62.05,12375.88,60.31,11144.7,56.78,22198.53,93.85,29579.06,94.15,42971.31,89.42,11144.7,26.66,30564.3,73.12,52374.43,125.29
91,SECO,2022,71658.32,108.9,78130.26,110.21,52904.22,76.59,41024.29,75.04,26937.98,67.64,24249.29,74.59,16821.75,65.78,16035.92,78.15,16085.07,81.95,24507.78,103.61,24448.78,77.82,43079.02,89.64,16035.92,38.36,36323.56,86.89,78130.26,186.91
92,SECO,med(1931 - 2022),65800.66,100.0,70894.09,100.0,69076.55,100.0,54672.68,100.0,39824.61,100.0,32508.84,100.0,25573.99,100.0,20520.54,100.0,19626.92,100.0,23652.93,100.0,31416.48,100.0,48055.57,100.0,18424.86,44.08,41801.99,100.0,77711.42,185.9
93,S,1931,7387.41,97.88,3292.82,39.81,3512.54,49.71,2356.13,36.0,17579.8,203.69,16492.95,155.62,13096.83,120.15,5939.73,59.37,15376.53,132.24,7805.3,58.42,4491.82,48.24,5438.55,73.35,2356.13,25.41,8564.2,92.35,17579.8,189.58
94,S,1932,5263.97,69.74,8039.36,97.19,8964.33,126.87,22965.08,350.88,17059.17,197.66,14142.21,133.44,10018.96,91.92,7176.4,71.73,13546.33,116.5,13658.92,102.24,5935.13,63.74,7975.92,107.56,5263.97,56.77,11228.81,121.09,22965.08,247.65
95,S,1933,2988.82,39.6,3631.29,43.9,3163.49,44.77,1911.4,29.2,2369.48,27.45,2577.82,24.32,2749.33,25.22,4110.5,41.09,5905.32,50.79,11668.94,87.34,4902.44,52.65,2065.81,27.86,1911.4,20.61,4003.72,43.18,11668.94,125.84
96,S,1934,4145.92,54.93,8994.01,108.73,5645.11,79.89,7732.74,118.15,6622.61,76.74,4981.92,47.01,3932.29,36.08,5356.85,53.55,5865.42,50.44,6730.58,50.38,2832.62,30.42,5756.39,77.63,2832.62,30.55,5716.37,61.64,8994.01,96.99
97,S,1935,3055.13,40.48,2345.19,28.35,3891.52,55.07,2224.77,33.99,1448.94,16.79,4882.17,46.07,9559.16,87.7,13885.63,138.8,17290.03,148.69,36494.05,273.16,9437.31,101.35,10303.98,138.96,1448.94,15.63,9568.16,103.18,36494.05,393.55
98,S,1936,10342.26,137.02,3890.49,47.03,3183.67,45.06,2181.76,33.34,5956.11,69.01,24907.92,235.02,9506.72,87.22,15072.82,150.66,12698.6,109.21,13217.75,98.93,7286.91,78.26,4574.0,61.69,2181.76,23.53,9401.59,101.39,24907.92,268.6
99,S,1937,5274.03,69.88,4492.66,54.31,7903.29,111.85,6597.9,100.81,3940.0,45.65,3060.43,28.88,4648.91,42.65,6752.13,67.49,8193.39,70.46,12126.96,90.77,12529.39,134.56,5438.76,73.35,3060.43,33.0,6746.49,72.75,12529.39,135.11
100,S,1938,8167.27,108.21,13427.26,162.33,4438.84,62.82,6472.84,98.9,14046.05,162.75,18436.51,173.96,20257.12,185.84,6048.18,60.46,5374.38,46.22,4946.01,37.02,4816.39,51.73,3086.54,41.63,3086.54,33.28,9126.45,98.42,20257.12,218.45
101,S,1939,3922.65,51.97,4724.06,57.11,9088.28,128.62,5843.68,89.29,11298.0,130.91,8290.1,78.22,7342.43,67.36,4312.47,43.11,9969.05,85.73,5947.14,44.51,14608.0,156.88,20680.38,278.9,3922.65,42.3,8835.52,95.28,20680.38,223.01
102,S,1940,10353.39,137.17,7256.19,87.72,4142.78,58.63,8077.06,123.41,8264.22,95.76,5459.33,51.51,6097.01,55.94,8066.71,80.63,4720.94,40.6,7445.41,55.73,4265.76,45.81,6400.62,86.32,4142.78,44.68,6712.45,72.39,10353.39,111.65
103,S,1941,6506.02,86.2,12139.34,146.76,7194.67,101.82,7850.72,119.95,16938.95,196.27,12523.33,118.17,8446.4,77.49,16893.56,168.86,9580.98,82.4,9466.99,70.86,12082.32,129.76,9282.68,125.19,6506.02,70.16,10742.16,115.84,16938.95,182.67
104,S,1942,4548.39,60.26,10318.9,124.75,8007.3,113.32,10552.17,161.23,11074.82,128.32,8935.89,84.32,8408.67,77.14,7889.81,78.86,6310.72,54.27,7575.51,56.7,2986.07,32.07,2261.07,30.49,2261.07,24.38,7405.78,79.86,11074.82,119.43
105,S,1943,2067.51,27.39,3469.28,41.94,2611.61,36.96,1684.38,25.74,3233.96,37.47,11293.21,106.56,7885.66,72.35,12915.52,129.1,10917.56,93.89,8299.18,62.12,5087.63,54.64,2921.66,39.4,1684.38,18.16,6032.26,65.05,12915.52,139.28
106,S,1944,6165.59,81.69,3398.95,41.09,6796.82,96.19,3083.58,47.11,1592.08,18.45,2837.3,26.77,2641.81,24.24,1391.68,13.91,2522.34,21.69,2470.47,18.49,4457.13,47.87,3197.09,43.12,1391.68,15.01,3379.57,36.44,6796.82,73.3
107,S,1945,1248.91,16.55,2968.99,35.89,3534.12,50.02,1739.22,26.57,1330.63,15.42,2105.46,19.87,6591.17,60.47,4027.6,40.26,4035.22,34.7,4372.69,32.73,2890.25,31.04,3217.93,43.4,1248.91,13.47,3171.85,34.2,6591.17,71.08
108,S,1946,8869.69,117.51,20687.98,250.1,13964.62,197.63,5856.52,89.48,5732.38,66.42,9719.57,91.71,16892.52,154.98,6655.18,66.52,5662.81,48.7,10423.27,78.02,6483.1,69.63,8490.54,114.51,5662.81,61.07,9953.18,107.33,20687.98,223.1
109,S,1947,6651.45,88.13,9003.07,108.84,6495.13,91.92,3464.87,52.94,4500.72,52.15,8489.73,80.11,6553.74,60.13,8213.8,82.1,16520.78,142.08,13614.64,101.91,5692.29,61.13,7279.11,98.17,3464.87,37.36,8039.94,86.7,16520.78,178.16
110,S,1948,5023.43,66.56,8186.23,98.97,6945.18,98.29,7195.78,109.94,11775.4,136.44,6593.93,62.22,7865.22,72.16,16986.27,169.79,5548.36,47.72,7275.52,54.46,8044.12,86.39,2558.89,34.51,2558.89,27.59,7833.19,84.47,16986.27,183.18
111,S,1949,2751.33,36.45,1565.41,18.92,3563.68,50.43,6100.77,93.21,4527.15,52.46,8430.86,79.55,4963.08,45.53,5294.89,52.93,7687.84,66.12,6348.04,47.51,2989.23,32.1,2215.18,29.87,1565.41,16.88,4703.12,50.72,8430.86,90.92
112,S,1950,5626.43,74.54,5350.8,64.69,8382.41,118.63,3934.32,60.11,5108.03,59.19,4510.01,42.56,4181.26,38.36,8413.04,84.09,6227.54,53.56,19270.31,144.24,7206.01,77.39,5463.35,73.68,3934.32,42.43,6972.79,75.19,19270.31,207.81
113,S,1951,6518.0,86.36,12286.07,148.53,11392.94,161.24,3797.72,58.03,2127.22,24.65,2112.45,19.93,2786.23,25.56,1368.41,13.68,1547.2,13.31,14986.65,112.17,11008.49,118.23,6387.55,86.14,1368.41,14.76,6359.91,68.58,14986.65,161.61
114,S,1952,3611.99,47.86,3376.5,40.82,2215.08,31.35,1895.1,28.96,1042.03,12.07,7470.64,70.49,8769.71,80.46,3450.94,34.49,10205.81,87.77,16115.7,120.63,9913.4,106.47,4234.58,57.11,1042.03,11.24,6025.12,64.97,16115.7,173.79
115,S,1953,5132.05,67.99,6779.01,81.95,3994.99,56.54,3806.12,58.15,3227.16,37.39,5404.98,51.0,4312.89,39.57,3485.71,34.84,13162.97,113.2,17481.75,130.85,14765.88,158.58,6234.36,84.08,3227.16,34.8,7315.66,78.89,17481.75,188.52
116,S,1954,9723.58,128.83,6511.56,78.72,7957.1,112.61,6611.31,101.01,18090.24,209.61,20389.95,192.39,20862.06,191.39,6558.81,65.56,21150.97,181.9,25146.24,188.22,6667.41,71.61,4375.05,59.0,4375.05,47.18,12837.02,138.43,25146.24,271.17
117,S,1955,3524.28,46.69,4635.43,56.04,4532.31,64.14,9904.15,151.33,14216.43,164.72,19779.0,186.63,24715.09,226.74,10859.28,108.55,10067.53,86.58,6281.83,47.02,3661.99,39.33,3793.28,51.16,3524.28,38.01,9664.22,104.22,24715.09,266.52
118,S,1956,7978.5,105.71,8284.52,100.15,3320.96,47.0,11652.51,178.04,12325.41,142.81,7327.52,69.14,6084.08,55.82,10364.5,103.6,11799.15,101.47,7027.62,52.6,3087.84,33.16,2429.19,32.76,2429.19,26.2,7640.15,82.39,12325.41,132.92
119,S,1957,4457.42,59.06,8078.61,97.67,4555.92,64.48,4589.24,70.12,4374.3,50.68,6527.42,61.59,19240.19,176.51,35765.3,357.5,34403.4,295.87,13895.66,104.01,10254.47,110.13,6202.81,83.65,4374.3,47.17,12695.4,136.91,35765.3,385.69
120,S,1958,4548.89,60.27,3339.92,40.38,8879.83,125.67,3804.0,58.12,2570.95,29.79,7780.82,73.42,4000.05,36.7,9667.11,96.63,16461.15,141.57,12494.84,93.52,11649.09,125.11,11030.41,148.76,2570.95,27.72,8018.92,86.47,16461.15,177.51
121,S,1959,5737.33,76.01,7841.54,94.8,4664.46,66.01,7666.55,117.14,8034.76,93.1,7472.32,70.51,5115.12,46.93,6479.94,64.77,10768.33,92.61,7326.83,54.84,3162.55,33.96,2482.05,33.47,2482.05,26.77,6395.98,68.97,10768.33,116.12
122,S,1960,2393.64,31.71,4358.23,52.69,3673.96,51.99,3883.12,59.33,3447.84,39.95,5997.88,56.59,3903.52,35.81,13163.27,131.58,13857.69,119.18,11882.6,88.94,11777.75,126.49,5250.42,70.81,2393.64,25.81,6965.83,75.12,13857.69,149.44
123,S,1961,5019.27,66.5,4785.68,57.86,15979.53,226.15,9746.01,148.91,6907.68,80.04,8418.5,79.43,6350.46,58.26,3585.51,35.84,20809.11,178.96,21777.35,163.0,18615.41,199.92,8580.36,115.72,3585.51,38.67,10881.24,117.34,21777.35,234.84
124,S,1962,4663.38,61.79,5430.6,65.65,6557.79,92.81,3394.65,51.87,4631.32,53.66,4110.94,38.79,4608.61,42.28,3206.5,32.05,9158.34,78.76,11056.31,82.76,5866.7,63.01,3114.37,42.0,3114.37,33.58,5483.29,59.13,11056.31,119.23
125,S,1963,5393.82,71.46,11790.01,142.53,10805.88,152.93,6526.78,99.72,3257.1,37.74,2423.94,22.87,2243.3,20.58,5819.56,58.17,7642.22,65.72,21864.95,163.66,19846.27,213.14,9589.09,129.32,2243.3,24.19,8933.58,96.34,21864.95,235.79
126,S,1964,3412.69,45.21,4758.54,57.53,3567.91,50.49,6106.99,93.31,6799.3,78.78,5637.84,53.2,6536.88,59.97,10798.25,107.94,12750.43,109.65,7517.16,56.27,4239.04,45.53,3963.39,53.45,3412.69,36.8,6340.7,68.38,12750.43,137.5
127,S,1965,3437.98,45.55,4511.27,54.54,4218.6,59.7,3647.74,55.73,13988.57,162.08,5799.54,54.72,14094.51,129.31,20453.76,204.45,20991.49,180.53,18481.94,138.34,11008.99,118.23,15328.17,206.72,3437.98,37.07,11330.21,122.18,20991.49,226.37
128,S,1966,10634.72,140.9,20923.35,252.95,13173.79,186.44,5400.97,82.52,3552.01,41.16,8470.03,79.92,9562.6,87.73,8968.94,89.65,17299.17,148.77,15995.45,119.73,11162.97,119.89,11606.95,156.53,3552.01,38.3,11395.91,122.89,20923.35,225.63
129,S,1967,7712.19,102.18,9119.76,110.25,10908.2,154.38,4912.13,75.05,2737.23,31.72,5139.02,48.49,6223.97,57.1,9702.55,96.98,17432.68,149.92,7808.57,58.45,5634.69,60.51,7531.04,101.57,2737.23,29.52,7905.17,85.25,17432.68,187.99
130,S,1968,4253.23,56.35,3257.19,39.38,2366.39,33.49,2925.79,44.7,2443.8,28.32,2042.98,19.28,3806.97,34.93,1834.25,18.33,3902.25,33.56,3836.19,28.71,8129.0,87.3,5210.86,70.27,1834.25,19.78,3667.41,39.55,8129.0,87.66
131,S,1969,9411.45,124.69,10118.63,122.33,7358.31,104.14,12325.75,188.32,6773.71,78.49,14529.06,137.09,9920.5,91.01,4680.78,46.79,6848.02,58.89,7923.82,59.31,12112.19,130.08,5009.3,67.56,4680.78,50.48,8917.63,96.17,14529.06,156.68
132,S,1970,5178.14,68.61,4433.19,53.59,4388.99,62.11,3177.46,48.55,7246.53,83.96,13879.4,130.96,16813.41,154.25,6891.81,68.89,7185.42,61.79,9915.21,74.22,3952.85,42.45,10775.7,145.32,3177.46,34.27,7819.84,84.33,16813.41,181.31
133,S,1971,21704.98,287.57,11551.42,139.65,11745.93,166.23,12697.02,194.0,15146.98,175.51,18297.17,172.65,16385.79,150.33,12457.78,124.52,6891.27,59.26,7109.11,53.21,2754.47,29.58,2416.21,32.59,2416.21,26.06,11596.51,125.05,21704.98,234.06
134,S,1972,4679.57,62.0,12258.28,148.19,8985.49,127.17,7438.32,113.65,3074.1,35.62,13287.53,125.38,11422.6,104.79,22893.89,228.84,28869.69,248.28,18620.25,139.37,10940.46,117.5,10158.02,136.99,3074.1,33.15,12719.02,137.16,28869.69,311.33
135,S,1973,10643.13,141.01,10512.6,127.09,6810.25,96.38,5201.56,79.47,12362.32,143.24,14513.14,136.94,17867.6,163.92,20566.53,205.58,23203.54,199.55,14403.4,107.81,9262.73,99.48,5232.3,70.56,5201.56,56.09,12548.26,135.32,23203.54,250.22
136,S,1974,8180.64,108.39,8956.26,108.28,9741.83,137.87,4599.24,70.27,4182.63,48.46,9947.08,93.86,7275.57,66.75,5177.81,51.76,8387.69,72.13,4201.46,31.45,6066.23,65.15,5031.36,67.85,4182.63,45.1,6812.32,73.46,9947.08,107.27
137,S,1975,6035.58,79.97,5848.31,70.7,5378.68,76.12,3513.89,53.69,2890.87,33.5,5784.66,54.58,4652.28,42.68,11106.4,111.02,17639.89,151.7,20531.33,153.68,9777.15,105.0,18193.6,245.36,2890.87,31.17,9279.39,100.07,20531.33,221.41
138,S,1976,12499.74,165.61,7446.02,90.02,8014.98,113.43,5854.13,89.45,7633.67,88.45,14758.96,139.26,8114.91,74.45,17131.46,171.24,10450.11,89.87,7044.08,52.72,11610.86,124.7,11399.47,153.74,5854.13,63.13,10163.2,109.6,17131.46,184.74
139,S,1977,10419.7,138.05,12307.36,148.79,8762.52,124.01,7890.5,120.56,3363.89,38.98,5965.11,56.28,8027.94,73.65,16086.01,160.79,6921.68,59.53,11201.51,83.84,10848.02,116.5,7641.98,103.06,3363.89,36.28,9119.69,98.35,16086.01,173.47
140,S,1978,4543.04,60.19,3227.78,39.02,3848.37,54.46,1783.95,27.26,1440.1,16.69,1839.12,17.35,6902.36,63.32,6248.18,62.46,8979.98,77.23,4515.22,33.8,8485.51,91.13,5658.21,76.31,1440.1,15.53,4789.32,51.65,8979.98,96.84
141,S,1979,3321.61,44.01,2172.06,26.26,3052.72,43.2,3844.76,58.74,15946.9,184.77,5785.94,54.59,7908.46,72.55,8199.22,81.96,8494.25,73.05,25846.37,193.46,19530.66,209.75,13850.64,186.79,2172.06,23.42,9829.47,106.0,25846.37,278.72
142,S,1980,7594.37,100.62,5621.95,67.97,9674.8,136.92,4635.36,70.82,6292.33,72.91,4275.02,40.34,10466.15,96.02,18043.93,180.36,17964.21,154.49,11875.62,88.89,11082.18,119.02,16015.48,215.99,4275.02,46.1,10295.12,111.02,18043.93,194.58
143,S,1981,13589.4,180.05,11454.25,138.47,4286.19,60.66,4155.8,63.5,3704.41,42.92,3955.71,37.32,3128.11,28.7,2745.7,27.45,6189.04,53.23,7317.74,54.77,7521.57,80.78,10693.5,144.21,2745.7,29.61,6561.78,70.76,13589.4,146.55
144,S,1982,4354.34,57.69,6253.29,75.6,4505.09,63.76,2386.58,36.46,2352.28,27.26,11688.73,110.29,23457.88,215.21,10660.85,106.56,6300.98,54.19,19695.65,147.42,33358.79,358.26,16308.86,219.94,2352.28,25.37,11776.94,127.0,33358.79,359.74
145,S,1983,10377.81,137.5,11125.69,134.5,18431.2,260.84,11652.39,178.04,33528.85,388.49,28589.11,269.76,69822.5,640.57,29490.95,294.78,17034.36,146.5,15029.5,112.5,11600.3,124.58,7430.15,100.2,7430.15,80.13,22009.4,237.35,69822.5,752.95
146,S,1984,6706.36,88.85,6270.37,75.8,5863.4,82.98,6538.21,99.9,11340.21,131.4,19182.77,181.0,14510.4,133.12,28608.44,285.96,12796.32,110.05,12471.2,93.35,12958.37,139.17,8891.44,119.91,5863.4,63.23,12178.12,131.33,28608.44,308.51
147,S,1985,3663.73,48.54,8910.91,107.73,6051.85,85.65,10447.23,159.62,7608.87,88.16,4435.55,41.85,5075.98,46.57,6374.02,63.71,7026.2,60.43,4099.61,30.69,4420.41,47.47,1442.18,19.45,1442.18,15.55,5796.38,62.51,10447.23,112.66
148,S,1986,2207.91,29.25,4867.74,58.85,4608.69,65.22,8178.72,124.96,7168.43,83.06,8134.56,76.76,4617.95,42.37,6397.94,63.95,8732.78,75.1,8814.02,65.97,10924.01,117.32,10004.98,134.93,2207.91,23.81,7054.81,76.08,10924.01,117.8
149,S,1987,10060.67,133.29,9720.83,117.52,3465.53,49.05,9114.21,139.26,28826.36,334.01,16680.69,157.39,13475.38,123.63,10638.25,106.34,7255.88,62.4,13570.69,101.58,6194.35,66.52,3783.74,51.03,3465.53,37.37,11065.55,119.33,28826.36,310.86
150,S,1988,4164.84,55.18,5450.55,65.89,4233.33,59.91,5167.18,78.95,19085.47,221.14,14336.32,135.27,5880.25,53.95,2576.99,25.76,8409.23,72.32,6307.63,47.21,4033.0,43.31,2845.51,38.38,2576.99,27.79,6874.19,74.13,19085.47,205.81
151,S,1989,9986.79,132.31,14814.64,179.1,7586.11,107.36,7588.99,115.95,12744.26,147.67,3671.02,34.64,8571.05,78.63,10933.44,109.29,29606.46,254.62,12077.44,90.4,5332.58,57.27,3290.69,44.38,3290.69,35.49,10516.96,113.41,29606.46,319.27
152,S,1990,17821.51,236.12,10640.51,128.64,6710.82,94.97,12525.44,191.38,13020.16,150.86,31654.07,298.68,14903.15,136.73,14622.62,146.16,20464.13,175.99,24175.18,180.95,17569.24,188.69,7448.13,100.45,6710.82,72.37,15962.91,172.14,31654.07,341.35
153,S,1991,3556.02,47.11,3748.77,45.32,2661.22,37.66,2970.72,45.39,2469.8,28.62,10352.36,97.68,7636.91,70.06,7717.97,77.15,2862.06,24.61,8436.7,63.15,7724.62,82.96,9281.3,125.17,2469.8,26.63,5784.87,62.38,10352.36,111.64
154,S,1992,5870.25,77.77,7271.44,87.91,8387.34,118.7,7365.16,112.53,25115.47,291.01,29083.72,274.42,21451.92,196.81,17399.61,173.92,12977.97,111.61,7870.11,58.91,8590.49,92.26,5302.88,71.52,5302.88,57.19,13057.2,140.81,29083.72,313.63
155,S,1993,5836.33,77.33,9534.98,115.27,8777.9,124.23,5948.24,90.88,12557.63,145.5,11646.86,109.9,19564.52,179.49,6250.95,62.48,12131.99,104.33,22779.05,170.5,6582.13,70.69,11016.55,148.57,5836.33,62.94,11052.26,119.19,22779.05,245.65
156,S,1994,4559.31,60.41,13825.17,167.14,7732.89,109.44,6939.93,106.04,11624.17,134.69,16101.22,151.93,19539.59,179.26,7196.18,71.93,4628.9,39.81,11029.37,82.55,12981.74,139.42,7323.29,98.76,4559.31,49.17,10290.15,110.97,19539.59,210.71
157,S,1995,25435.82,337.0,13049.78,157.76,7394.37,104.65,4342.13,66.34,2540.39,29.44,5216.4,49.22,12062.49,110.66,5969.75,59.67,7523.56,64.7,15068.04,112.78,5872.09,63.06,4258.85,57.44,2540.39,27.4,9061.14,97.71,25435.82,274.3
158,S,1996,12497.92,165.58,17121.07,206.98,13286.49,188.03,11440.32,174.8,3168.3,36.71,7908.66,74.62,14897.67,136.68,10531.48,105.27,13420.97,115.42,18419.62,137.87,11346.41,121.86,8903.54,120.07,3168.3,34.17,11911.87,128.46,18419.62,198.63
159,S,1997,10491.03,139.0,22913.54,277.01,9012.46,127.55,3004.83,45.91,3322.9,38.5,10136.32,95.64,12104.71,111.05,18325.53,183.18,8022.86,69.0,36531.26,273.44,34269.93,368.05,13150.09,177.34,3004.83,32.4,15107.12,162.91,36531.26,393.95
160,S,1998,15618.74,206.93,24168.4,292.18,19188.36,271.56,31425.02,480.14,22138.1,256.51,8636.16,81.49,13962.8,128.1,25098.15,250.87,26942.31,231.7,25897.16,193.84,7381.16,79.27,5804.44,78.28,5804.44,62.59,18855.07,203.33,31425.02,338.88
161,S,1999,5631.91,74.62,8587.98,103.82,5929.23,83.91,8834.05,134.98,4673.72,54.15,10111.08,95.41,20358.69,186.78,4941.26,49.39,5491.26,47.22,13516.96,101.17,5389.53,57.88,4053.59,54.67,4053.59,43.71,8126.61,87.64,20358.69,219.54
162,S,2000,5184.68,68.69,7143.22,86.36,8138.71,115.18,4456.68,68.09,4905.43,56.84,5527.28,52.15,11758.88,107.88,6573.89,65.71,26711.95,229.72,24981.55,186.99,7975.27,85.65,6367.3,85.87,4456.68,48.06,9977.07,107.59,26711.95,288.06
163,S,2001,13133.8,174.01,21065.51,254.67,11076.17,156.75,9078.09,138.7,12012.14,139.18,11160.92,105.31,14246.27,130.7,7989.28,79.86,9550.5,82.13,26486.33,198.25,7660.85,82.27,8531.64,115.06,7660.85,82.61,12665.96,136.59,26486.33,285.62
164,S,2002,7397.4,98.01,6055.52,73.21,4675.55,66.17,4166.83,63.66,9313.34,107.91,11206.4,105.74,7173.15,65.81,12113.74,121.09,14950.67,128.58,19026.01,142.41,17431.12,187.2,16790.1,226.43,4166.83,44.93,10858.32,117.09,19026.01,205.17
165,S,2003,7789.58,103.2,9201.04,111.23,8336.23,117.98,4078.62,62.32,4252.21,49.27,7666.58,72.34,7225.52,66.29,3198.33,31.97,2780.8,23.91,5771.56,43.2,7433.96,79.84,17129.42,231.01,2780.8,29.99,7071.99,76.26,17129.42,184.72
166,S,2004,8950.22,118.58,4520.67,54.65,3276.29,46.37,3943.49,60.25,8800.49,101.97,8235.36,77.71,12744.75,116.92,4553.0,45.51,8560.72,73.62,14468.95,108.3,12857.98,138.09,5903.49,79.62,3276.29,35.33,8067.95,87.0,14468.95,156.03
167,S,2005,5576.5,73.88,2932.94,35.46,2564.54,36.29,6252.8,95.54,14562.37,168.73,17194.43,162.24,9573.44,87.83,7810.27,78.07,27180.7,233.75,29841.09,223.36,12721.49,136.62,4236.26,57.13,2564.54,27.66,11703.9,126.21,29841.09,321.8
168,S,2006,4520.83,59.9,3944.28,47.68,3818.38,54.04,2899.05,44.29,1576.41,18.27,2299.65,21.7,3137.49,28.78,5161.0,51.59,5385.19,46.31,5079.04,38.02,7153.88,76.83,7424.1,100.12,1576.41,17.0,4366.61,47.09,7424.1,80.06
169,S,2007,6962.2,92.24,7316.64,88.45,9598.25,135.84,8575.52,131.03,19678.75,228.02,7732.41,72.96,12495.2,114.63,6580.2,65.77,8785.36,75.55,10128.42,75.81,14203.73,152.54,7601.09,102.51,6580.2,70.96,9971.48,107.53,19678.75,212.21
170,S,2008,7428.39,98.42,5084.56,61.47,4347.55,61.53,5907.2,90.26,9784.33,113.37,9799.85,92.47,6706.59,61.53,9289.81,92.86,8249.89,70.95,22098.92,165.41,19472.51,209.13,5001.43,67.45,4347.55,46.88,9430.92,101.7,22098.92,238.31
171,S,2009,5676.47,75.21,4980.93,60.22,4471.28,63.28,1850.57,28.27,2636.19,30.55,3883.34,36.64,12661.55,116.16,18780.7,187.73,30167.27,259.44,25262.4,189.09,14446.05,155.14,12002.81,161.87,1850.57,19.96,11401.63,122.95,30167.27,325.32
172,S,2010,16287.16,215.79,15145.79,183.1,9925.31,140.47,20327.82,310.59,23873.84,276.62,10902.69,102.87,11582.24,106.26,9253.9,92.5,6921.13,59.52,6897.66,51.63,5650.85,60.69,16668.69,224.8,5650.85,60.94,12786.42,137.89,23873.84,257.45
173,S,2011,12380.51,164.03,21215.64,256.48,12851.21,181.87,11387.34,173.99,6352.98,73.61,8372.41,79.0,22845.98,209.59,31233.33,312.2,25911.95,222.84,11649.87,87.2,7341.11,78.84,3928.56,52.98,3928.56,42.37,14622.58,157.69,31233.33,336.82
174,S,2012,6963.95,92.27,5634.08,68.11,4067.91,57.57,4031.46,61.6,5790.47,67.09,14955.65,141.12,10096.91,92.63,8118.0,81.15,4926.3,42.37,7630.46,57.11,4898.39,52.61,4622.01,62.33,4031.46,43.47,6811.3,73.45,14955.65,161.28
175,S,2013,9073.45,120.21,6992.57,84.54,12996.34,183.93,7769.01,118.7,5031.71,58.3,18909.36,178.42,16444.21,150.86,18303.47,182.96,17433.22,149.93,13697.29,102.52,6631.67,71.22,6590.57,88.88,5031.71,54.26,11656.07,125.7,18909.36,203.92
176,S,2014,10161.85,134.63,4864.74,58.81,11021.99,155.99,8066.21,123.24,11697.39,135.54,40670.77,383.76,16109.44,147.79,6438.29,64.36,12542.51,107.87,18495.3,138.44,8197.27,88.04,7638.54,103.01,4864.74,52.46,12992.02,140.1,40670.77,438.59
177,S,2015,15632.39,207.11,11653.82,140.89,7964.35,112.71,6978.17,106.62,6724.32,77.91,13767.18,129.9,28279.76,259.45,8140.4,81.37,13665.63,117.52,30730.4,230.02,18843.16,202.37,21594.22,291.22,6724.32,72.51,15331.15,165.33,30730.4,331.39
178,S,2016,14853.11,196.79,13803.96,166.88,14858.01,210.27,9638.27,147.26,10888.81,126.17,9780.36,92.28,10559.07,96.87,11448.44,114.44,8873.38,76.31,12421.87,92.98,6695.79,71.91,7414.9,100.0,6695.79,72.21,10936.33,117.94,14858.01,160.23
179,S,2017,11693.7,154.93,8462.84,102.31,5984.11,84.69,5446.59,83.22,14341.14,166.17,28397.0,267.95,4232.37,38.83,5171.9,51.7,2703.64,23.25,10886.79,81.49,11997.23,128.85,6492.05,87.55,2703.64,29.16,9650.78,104.07,28397.0,306.23
180,S,2018,14289.82,189.33,7260.84,87.78,6724.99,95.17,6072.4,92.78,3088.47,35.79,5052.32,47.67,6521.03,59.83,4792.63,47.91,11746.5,101.02,16079.66,120.36,10635.68,114.22,5902.04,79.6,3088.47,33.31,8180.53,88.22,16079.66,173.4
181,S,2019,7468.7,98.95,6745.0,81.54,9504.82,134.52,6652.47,101.64,14025.99,162.52,16356.2,154.33,7060.83,64.78,2855.26,28.54,3274.39,28.16,5367.14,40.17,9331.74,100.22,4488.28,60.53,2855.26,30.79,7760.9,83.69,16356.2,176.38
182,S,2020,3391.7,44.94,2718.49,32.86,1849.77,26.18,1022.83,15.63,1736.63,20.12,7119.49,67.18,13303.94,122.05,9821.03,98.17,5076.32,43.66,2766.43,20.71,2048.05,22.0,6968.6,93.98,1022.83,11.03,4818.61,51.96,13303.94,143.47
183,S,2021,11618.45,153.93,10071.93,121.76,4959.51,70.19,2273.18,34.73,2507.44,29.05,6190.24,58.41,4589.83,42.11,3203.13,32.02,7626.97,65.59,12194.9,91.28,5244.87,56.33,2151.69,29.02,2151.69,23.2,6052.68,65.27,12194.9,131.51
184,S,2022,2802.22,37.13,2751.36,33.26,6989.61,98.92,10175.86,155.48,18906.0,219.06,24481.64,231.0,7823.29,71.77,12662.68,126.57,9727.36,83.66,20737.63,155.22,7820.07,83.98,8162.95,110.09,2751.36,29.67,11086.72,119.56,24481.64,264.01
185,S,med(1931 - 2022),7547.74,100.0,8271.74,100.0,7065.99,100.0,6544.94,100.0,8630.46,100.0,10598.06,100.0,10900.06,100.0,10004.26,100.0,11627.93,100.0,13360.1,100.0,9311.33,100.0,7414.99,100.0,3483.76,37.57,9273.13,100.0,20171.79,217.53
186,NE,1931,14093.85,104.56,13143.88,92.31,18853.06,133.26,20861.6,182.23,14266.7,206.62,7171.22,157.3,5548.64,147.55,4815.98,146.87,4235.06,144.41,4023.56,126.16,5860.89,111.02,6244.84,63.5,4023.56,51.89,9926.61,128.01,20861.6,269.03
187,NE,1932,11115.99,82.47,13495.98,94.79,9693.4,68.52,6153.21,53.75,4270.51,61.85,3849.59,84.44,3500.14,93.07,2973.17,90.67,2711.37,92.45,2780.08,87.17,5511.52,104.4,10204.41,103.77,2711.37,34.97,6354.95,81.95,13495.98,174.04
188,NE,1933,14863.15,110.27,16864.59,118.45,10330.86,73.02,8669.86,75.73,5977.64,86.57,4062.95,89.12,3772.57,100.32,3276.57,99.92,2742.26,93.51,3246.53,101.8,5562.48,105.37,9953.48,101.22,2742.26,35.36,7443.58,95.99,16864.59,217.49
189,NE,1934,17840.23,132.35,14133.92,99.27,8383.17,59.25,5252.49,45.88,5426.62,78.59,3634.41,79.72,3052.47,81.17,2765.94,84.35,3022.81,103.07,3030.99,95.04,3004.05,56.9,5006.49,50.91,2765.94,35.67,6212.8,80.12,17840.23,230.07
190,NE,1935,12947.17,96.05,16816.71,118.11,17192.0,121.52,13620.38,118.98,12510.58,181.19,6126.88,134.39,4744.85,126.17,3750.76,114.38,3158.85,107.71,3168.41,99.35,3738.76,70.82,6980.96,70.99,3158.85,40.74,8729.69,112.58,17192.0,221.71
191,NE,1936,8509.72,63.13,8112.53,56.98,12056.92,85.22,8944.03,78.13,6593.34,95.49,4016.12,88.09,3327.66,88.49,2850.83,86.94,2574.56,87.79,2899.97,90.93,4495.96,85.16,7870.43,80.03,2574.56,33.2,6021.01,77.65,12056.92,155.49
192,NE,1937,13368.28,99.18,16574.59,116.41,13579.22,95.98,9771.22,85.35,7257.81,105.11,4455.93,97.74,3728.49,99.15,3128.24,95.4,2714.7,92.57,2679.65,84.02,6508.92,123.29,13701.25,139.33,2679.65,34.56,8122.36,104.75,16574.59,213.75
193,NE,1938,17959.34,133.24,13512.05,94.9,11819.58,83.54,7444.11,65.03,5163.73,74.79,4250.87,93.24,3473.24,92.36,3048.4,92.96,2856.14,97.39,2697.84,84.59,4006.04,75.88,8768.66,89.17,2697.84,34.79,7083.33,91.35,17959.34,231.6
194,NE,1939,15002.68,111.3,17168.01,120.58,15792.01,111.62,6528.08,57.02,4800.86,69.53,3847.03,84.38,3310.21,88.02,3113.64,94.95,2895.7,98.74,3745.43,117.44,3211.65,60.84,5097.28,51.83,2895.7,37.34,7042.72,90.82,17168.01,221.4
195,NE,1940,9516.12,70.6,14446.91,101.47,20003.18,141.39,14554.79,127.14,6256.49,90.61,4443.37,97.46,3549.07,94.38,3182.7,97.06,2632.02,89.75,2807.58,88.03,5816.67,110.18,12194.17,124.0,2632.02,33.94,8283.59,106.83,20003.18,257.96
196,NE,1941,14323.92,106.27,14191.17,99.67,14649.62,103.55,14601.29,127.55,9225.49,133.61,5085.41,111.55,4250.41,113.03,3845.74,117.28,3071.86,104.75,3255.41,102.07,4913.82,93.08,7124.33,72.45,3071.86,39.61,8211.54,105.9,14649.62,188.92
197,NE,1942,13905.24,103.16,14116.02,99.14,15239.27,107.72,10873.14,94.98,7064.04,102.31,4665.94,102.35,3910.2,103.98,3410.7,104.01,3057.18,104.25,3946.79,123.75,6664.43,126.24,16527.62,168.07,3057.18,39.43,8615.05,111.1,16527.62,213.14
198,NE,1943,18835.88,139.74,26635.61,187.07,25141.79,177.71,16160.19,141.16,8956.81,129.72,6318.86,138.6,5310.92,141.23,4516.55,137.74,3892.74,132.74,4015.5,125.91,6515.87,123.42,16226.59,165.01,3892.74,50.2,11877.28,153.17,26635.61,343.49
199,NE,1944,18751.58,139.11,15209.41,106.82,14936.2,105.57,11677.51,102.01,7791.59,112.84,5222.21,114.55,4398.2,116.96,3851.89,117.47,3325.69,113.4,2949.1,92.47,5050.92,95.68,12038.34,122.42,2949.1,38.03,8766.89,113.06,18751.58,241.82
200,NE,1945,18223.71,135.2,20664.62,145.13,23666.77,167.28,22815.42,199.3,25954.25,375.89,13098.97,287.32,7883.85,209.65,6358.26,193.9,5171.06,176.33,5648.87,177.12,9566.76,181.21,17051.64,173.4,5171.06,66.69,14675.35,189.25,25954.25,334.71
201,NE,1946,20705.86,153.61,30652.07,215.28,13938.49,98.52,16252.66,141.97,11157.14,161.59,7422.79,162.82,6002.77,159.62,5201.97,158.64,4440.25,151.41,4582.56,143.69,6328.18,119.87,11589.23,117.85,4440.25,57.26,11522.83,148.6,30652.07,395.29
202,NE,1947,11002.96,81.63,14739.32,103.52,18074.85,127.76,22991.35,200.83,14019.2,203.04,7121.97,156.22,5745.98,152.8,4844.73,147.74,4658.77,158.86,4375.36,137.19,9577.55,181.42,13893.08,141.28,4375.36,56.42,10920.43,140.83,22991.35,296.5
203,NE,1948,18320.2,135.91,13815.46,97.03,16609.75,117.4,12630.97,110.33,6790.69,98.35,5563.3,122.03,4894.99,130.17,4138.44,126.21,3615.9,123.3,3773.58,118.32,4332.38,82.06,15962.12,162.32,3615.9,46.63,9203.98,118.7,18320.2,236.26
204,NE,1949,22471.56,166.71,27835.46,195.5,37330.56,263.86,22960.58,200.57,10769.64,155.97,7906.03,173.42,6480.74,172.33,5468.13,166.76,4688.17,159.86,4355.33,136.56,8725.4,165.28,9692.62,98.56,4355.33,56.17,14057.02,181.28,37330.56,481.42
205,NE,1950,13674.45,101.45,13457.17,94.51,10753.49,76.01,11691.17,102.13,8224.61,119.12,5240.53,114.95,4526.18,120.36,3939.26,120.13,3250.13,110.82,3719.82,116.64,6119.19,115.91,12153.09,123.58,3250.13,41.91,8062.43,103.97,13674.45,176.35
206,NE,1951,12813.38,95.06,12086.33,84.89,13950.23,98.6,14424.5,126.0,8105.26,117.39,5586.15,122.53,4459.53,118.59,3804.74,116.03,3291.16,112.22,3016.4,94.58,2844.29,53.88,4475.88,45.51,2844.29,36.68,7404.82,95.49,14424.5,186.02
207,NE,1952,9677.38,71.79,13394.97,94.08,17539.69,123.98,20610.21,180.04,10653.77,154.3,5947.7,130.46,4819.88,128.17,3965.79,120.94,3523.38,120.14,3466.72,108.7,4823.39,91.37,11070.66,112.58,3466.72,44.71,9124.46,117.67,20610.21,265.79
208,NE,1953,11723.8,86.98,5430.77,38.14,7849.12,55.48,11237.92,98.17,6177.35,89.47,3975.43,87.2,3352.76,89.16,2929.34,89.33,2592.2,88.39,3187.35,99.94,4505.32,85.34,9551.1,97.12,2592.2,33.43,6042.71,77.93,11723.8,151.19
209,NE,1954,13945.6,103.46,8201.45,57.6,9155.9,64.72,7814.82,68.26,4435.11,64.23,3726.21,81.73,2958.19,78.66,2642.76,80.59,2180.4,74.35,1958.42,61.41,2938.19,55.66,10445.79,106.22,1958.42,25.26,5866.9,75.66,13945.6,179.84
210,NE,1955,7945.17,58.94,12193.42,85.64,6836.45,48.32,7829.19,68.39,4724.05,68.42,3198.62,70.16,2745.61,73.01,2394.62,73.03,2057.71,70.16,1933.53,60.63,5976.66,113.21,10068.99,102.39,1933.53,24.93,5658.67,72.97,12193.42,157.25
211,NE,1956,15734.1,116.73,7700.57,54.08,13105.43,92.63,8718.55,76.16,5155.13,74.66,4923.41,107.99,4126.98,109.74,3218.61,98.15,2733.39,93.2,2486.01,77.95,4329.22,82.0,11633.51,118.3,2486.01,32.06,6988.74,90.13,15734.1,202.91
212,NE,1957,18022.94,133.71,21129.49,148.4,23049.6,162.92,24619.43,215.06,18835.01,272.78,8844.79,194.01,6306.3,167.7,5056.7,154.21,4190.47,142.89,4554.93,142.82,4201.94,79.59,12320.55,125.29,4190.47,54.04,12594.35,162.42,24619.43,317.49
213,NE,1958,11807.76,87.6,15350.28,107.81,11133.55,78.7,9569.54,83.59,7532.53,109.09,5146.56,112.89,4321.07,114.9,4319.22,131.72,3358.31,114.51,4426.9,138.81,5835.26,110.53,5030.7,51.16,3358.31,43.31,7319.31,94.39,15350.28,197.96
214,NE,1959,10976.83,81.43,11364.62,79.82,10174.8,71.92,8758.47,76.51,4204.25,60.89,3412.23,74.85,3083.63,82.0,2741.13,83.59,2485.83,84.76,2780.61,87.19,4825.56,91.41,7859.88,79.93,2485.83,32.06,6055.65,78.09,11364.62,146.56
215,NE,1960,10527.36,78.1,17500.83,122.91,27171.06,192.05,21510.73,187.9,7981.23,115.59,5560.06,121.96,4329.41,115.13,3652.24,111.38,3071.26,104.73,2743.84,86.03,3242.68,61.42,11833.49,120.33,2743.84,35.38,9927.02,128.02,27171.06,350.4
216,NE,1961,16758.14,124.32,22582.84,158.61,19169.74,135.5,11080.56,96.79,6994.62,101.3,5299.8,116.25,4291.74,114.12,3600.59,109.8,3024.97,103.15,2626.85,82.37,3169.11,60.03,4531.1,46.08,2626.85,33.88,8594.17,110.83,22582.84,291.23
217,NE,1962,10390.97,77.09,15886.97,111.58,13224.09,93.47,10135.28,88.53,6055.99,87.71,4451.18,97.63,3768.15,100.2,3111.38,94.88,2497.04,85.14,3275.96,102.72,5604.48,106.16,8813.81,89.63,2497.04,32.2,7267.94,93.73,15886.97,204.88
218,NE,1963,16220.55,120.34,19399.97,136.25,11242.34,79.46,5218.29,45.58,4376.32,63.38,3345.19,73.38,2937.59,78.12,2676.78,81.63,2370.76,80.84,2119.07,66.44,2727.85,51.67,4180.03,42.51,2119.07,27.33,6401.23,82.55,19399.97,250.18
219,NE,1964,12536.21,93.0,24150.39,169.62,17471.35,123.49,8949.56,78.18,5325.22,77.12,3670.16,80.5,3138.45,83.46,2891.99,88.19,2296.49,78.31,2607.04,81.74,7918.99,150.0,12564.12,127.76,2296.49,29.62,8626.66,111.25,24150.39,311.44
220,NE,1965,15283.71,113.39,14772.38,103.75,15878.4,112.23,17973.04,157.0,9062.54,131.25,5562.41,122.01,4491.27,119.43,3846.87,117.31,3200.15,109.12,4006.19,125.61,7756.21,146.92,12002.93,122.06,3200.15,41.27,9486.34,122.34,17973.04,231.78
221,NE,1966,12386.72,91.89,17830.96,125.23,19400.54,137.13,14443.52,126.17,7981.88,115.6,5747.18,126.06,4619.18,122.83,4071.16,124.15,3509.61,119.67,3536.12,110.88,5387.6,102.05,7555.42,76.83,3509.61,45.26,8872.49,114.42,19400.54,250.19
222,NE,1967,14645.85,108.65,13590.69,95.45,12836.35,90.73,13017.05,113.71,8203.41,118.81,4605.07,101.01,3890.06,103.44,3367.89,102.71,2898.97,98.85,2696.97,84.56,4613.33,87.39,12320.33,125.28,2696.97,34.78,8057.16,103.91,14645.85,188.87
223,NE,1968,16335.94,121.19,14619.63,102.68,20480.82,144.77,16124.12,140.85,7385.58,106.96,5029.11,110.31,4348.21,115.63,3939.86,120.15,3716.41,126.72,3754.04,117.71,5853.09,110.87,13591.51,138.21,3716.41,47.93,9598.19,123.78,20480.82,264.12
224,NE,1969,10159.06,75.37,12903.91,90.63,13694.22,96.8,8088.1,70.65,5159.9,74.73,3900.47,85.55,3426.99,91.13,3020.65,92.12,2563.89,87.42,2653.68,83.21,6730.11,127.48,15556.68,158.2,2563.89,33.06,7321.47,94.42,15556.68,200.62
225,NE,1970,19235.16,142.7,18984.75,133.34,15018.3,106.15,7891.31,68.93,6032.63,87.37,4399.52,96.5,3912.78,104.05,3390.99,103.41,3142.47,107.15,4661.34,146.16,9329.69,176.72,8838.95,89.88,3142.47,40.53,8736.49,112.67,19235.16,248.06
226,NE,1971,5261.4,39.03,4493.71,31.56,5312.02,37.55,5169.43,45.16,3782.01,54.77,2765.89,60.67,2638.81,70.17,2279.79,69.52,2273.14,77.51,3233.92,101.4,7497.03,142.01,18099.4,184.05,2273.14,29.31,5233.88,67.5,18099.4,233.41
227,NE,1972,15695.6,116.44,8442.46,59.29,9965.95,70.44,8859.83,77.39,5899.29,85.44,3853.53,84.53,3375.18,89.75,3170.56,96.69,2642.07,90.09,3876.73,121.56,5706.94,108.1,12032.33,122.36,2642.07,34.07,6960.04,89.76,15695.6,202.41
228,NE,1973,13638.71,101.18,11217.29,78.78,10955.63,77.44,13698.79,119.66,6660.01,96.46,4443.58,97.47,3778.4,100.47,3084.17,94.05,2529.71,86.26,3742.42,117.34,9408.01,178.21,13140.14,133.62,2529.71,32.62,8024.74,103.49,13698.79,176.66
229,NE,1974,13688.2,101.55,10792.48,75.8,12700.25,89.77,18187.15,158.87,10295.86,149.11,5437.02,119.26,4225.15,112.35,3717.04,113.35,3277.08,111.74,3261.57,102.27,5688.84,107.76,7515.91,76.43,3261.57,42.06,8232.21,106.16,18187.15,234.54
230,NE,1975,12635.51,93.74,12195.01,85.65,8438.83,59.65,7467.96,65.23,6376.89,92.36,3805.29,83.47,3822.31,101.64,2984.7,91.02,2472.33,84.3,2875.73,90.17,6846.78,129.69,8358.53,85.0,2472.33,31.88,6523.32,84.13,12635.51,162.95
231,NE,1976,6170.47,45.78,6028.64,42.34,6371.26,45.03,5462.1,47.71,3174.93,45.98,3070.01,67.34,2463.47,65.51,2288.92,69.8,2642.99,90.12,4516.67,141.62,6489.52,122.93,13669.4,139.0,2288.92,29.52,5195.7,67.0,13669.4,176.28
232,NE,1977,15082.24,111.89,18079.36,126.98,7068.38,49.96,6802.82,59.42,6103.72,88.4,4125.2,90.48,3536.22,94.03,2876.85,87.73,2714.27,92.55,3617.2,113.42,4182.22,79.22,8409.93,85.52,2714.27,35.0,6883.2,88.77,18079.36,233.15
233,NE,1978,16865.51,125.12,16503.56,115.91,20506.34,144.95,12553.59,109.66,8525.9,123.48,6835.26,149.93,4681.74,124.5,4486.95,136.83,3623.03,123.54,4455.69,139.71,6159.24,116.67,11175.06,113.64,3623.03,46.72,9697.66,125.06,20506.34,264.45
234,NE,1979,18865.1,139.96,29464.98,206.94,46140.1,326.13,23408.55,204.48,11383.8,164.87,8298.24,182.02,6761.51,179.8,5882.66,179.4,5845.05,199.31,6018.63,188.72,9542.46,180.75,9889.76,100.57,5845.05,75.38,15125.07,195.05,46140.1,595.03
235,NE,1980,18583.89,137.87,30788.25,216.24,32618.02,230.55,13946.32,121.82,10912.28,158.04,7133.93,156.48,6592.46,175.3,5621.39,171.43,5001.14,170.53,5316.18,166.69,6664.17,126.23,13777.13,140.1,5001.14,64.49,13079.6,168.68,32618.02,420.64
236,NE,1981,17401.16,129.09,15420.15,108.3,14634.88,103.44,18919.73,165.27,8916.24,129.13,6240.95,136.89,5082.24,135.15,4539.97,138.45,4201.48,143.26,5382.47,168.77,12686.58,240.31,18075.77,183.81,4201.48,54.18,10958.47,141.32,18919.73,243.99
237,NE,1982,21089.01,156.45,23294.49,163.6,22179.2,156.77,20816.95,181.84,12345.67,178.8,8053.33,176.65,6326.31,168.23,5353.26,163.25,4898.88,167.04,5018.47,157.35,5048.26,95.62,5506.56,56.0,4898.88,63.18,11660.87,150.38,23294.49,300.41
238,NE,1983,14580.04,108.17,22681.55,159.3,28072.61,198.43,21354.21,186.53,13973.15,202.37,8108.38,177.85,6307.86,167.74,5712.83,174.22,4494.21,153.25,5898.84,184.96,11256.44,213.22,17466.1,177.61,4494.21,57.96,13325.52,171.85,28072.61,362.03
239,NE,1984,19119.3,141.84,9688.71,68.05,8398.98,59.37,12440.22,108.67,6333.07,91.72,4387.31,96.23,3877.25,103.1,3476.38,106.02,4178.42,142.48,4442.08,139.28,5486.57,103.93,11550.58,117.46,3476.38,44.83,7781.57,100.35,19119.3,246.56
240,NE,1985,18526.18,137.44,24924.89,175.06,22036.3,155.76,21984.75,192.04,9908.75,143.51,6163.14,135.19,4911.13,130.6,4408.82,134.45,4219.72,143.89,5473.0,171.61,6915.57,131.0,11419.16,116.12,4219.72,54.42,11740.95,151.41,24924.89,321.43
241,NE,1986,18665.06,138.47,22703.13,159.45,15522.02,109.71,7616.66,66.53,5651.46,81.85,4233.47,92.86,3917.01,104.16,3857.65,117.64,3653.88,124.59,3230.59,101.3,3746.04,70.96,5703.41,58.0,3230.59,41.66,8208.36,105.86,22703.13,292.78
242,NE,1987,9699.94,71.96,7956.36,55.88,8200.71,57.97,9140.1,79.84,5583.61,80.87,3730.02,81.82,3420.13,90.95,2756.4,84.06,2694.86,91.89,3089.66,96.88,4522.23,85.66,10721.98,109.03,2694.86,34.75,5959.67,76.86,10721.98,138.27
243,NE,1988,16111.01,119.52,10940.96,76.84,13596.26,96.1,10355.3,90.46,6468.47,93.68,3911.29,85.79,3328.14,88.5,3328.09,101.49,3195.14,108.95,3281.19,102.88,5132.92,97.23,8155.3,82.93,3195.14,41.2,7317.01,94.36,16111.01,207.77
244,NE,1989,11170.44,82.87,7840.81,55.07,9518.19,67.28,6020.03,52.59,4207.66,60.94,3287.17,72.1,3234.04,86.0,3012.8,91.88,2822.13,96.23,3088.53,96.84,5345.14,101.25,20445.19,207.91,2822.13,36.39,6666.01,85.97,20445.19,263.66
245,NE,1990,28011.29,207.81,12420.87,87.24,9666.98,68.33,6645.72,58.05,4255.44,61.63,3397.49,74.52,3490.48,92.82,3209.26,97.87,3232.0,110.21,3540.43,111.01,4449.89,84.29,5182.36,52.7,3209.26,41.39,7291.85,94.04,28011.29,361.24
246,NE,1991,10416.36,77.28,15699.11,110.26,14311.34,101.16,15623.83,136.48,7778.1,112.65,4830.13,105.95,3854.19,102.49,3517.84,107.28,3289.44,112.16,4165.32,130.6,6194.09,117.33,9586.81,97.49,3289.44,42.42,8272.21,106.68,15699.11,202.46
247,NE,1992,15159.99,112.47,29885.82,209.9,39188.22,277.0,13239.74,115.65,8654.24,125.34,5718.99,125.44,4626.81,123.03,4237.53,129.23,4252.77,145.01,5660.99,177.5,12678.92,240.17,16198.17,164.72,4237.53,54.65,13291.85,171.41,39188.22,505.37
248,NE,1993,18028.56,133.75,13782.78,96.8,12504.34,88.38,7933.18,69.3,5705.49,82.63,4329.65,94.97,3785.0,100.65,3622.26,110.46,3234.22,110.28,3805.33,119.32,4027.51,76.29,5825.5,59.24,3234.22,41.71,7215.32,93.05,18028.56,232.5
249,NE,1994,15056.29,111.7,14551.58,102.2,14927.32,105.51,15290.85,133.57,6883.77,99.7,4943.48,108.43,4211.83,112.0,3442.42,104.98,3414.65,116.43,2698.31,84.61,3048.19,57.74,9102.8,92.57,2698.31,34.8,8130.96,104.86,15290.85,197.19
250,NE,1995,8964.3,66.5,8874.21,62.33,9289.34,65.66,8433.85,73.67,5572.65,80.71,4250.78,93.24,3317.1,88.21,2932.02,89.41,2339.85,79.79,2775.32,87.02,5074.87,96.13,9715.5,98.8,2339.85,30.17,5961.65,76.88,9715.5,125.29
251,NE,1996,13771.75,102.17,7067.11,49.63,6486.49,45.85,5727.0,50.03,4012.31,58.11,3147.41,69.04,2639.86,70.2,2092.3,63.81,2042.93,69.66,2454.33,76.96,5105.23,96.7,10168.87,103.41,2042.93,26.35,5392.97,69.55,13771.75,177.6
252,NE,1997,17725.94,131.5,14897.78,104.63,13817.24,97.66,13638.17,119.13,7943.41,115.04,5291.02,116.06,4069.93,108.23,3656.76,111.52,3212.88,109.55,3321.69,104.15,3875.15,73.4,9202.15,93.58,3212.88,41.43,8387.68,108.17,17725.94,228.59
253,NE,1998,10315.86,76.53,9750.4,68.48,9536.27,67.41,4839.96,42.28,3608.42,52.26,2863.0,62.8,2497.37,66.41,2295.14,69.99,2048.68,69.86,2093.23,65.63,5867.2,111.14,9912.71,100.8,2048.68,26.42,5469.02,70.53,10315.86,133.03
254,NE,1999,9321.19,69.15,5679.2,39.89,11690.68,82.63,7650.58,66.83,3943.29,57.11,2795.81,61.32,2388.18,63.51,2087.0,63.65,2332.29,79.53,1878.34,58.9,4859.34,92.05,10058.56,102.29,1878.34,24.22,5390.37,69.51,11690.68,150.76
255,NE,2000,13130.36,97.41,15010.68,105.42,13499.24,95.42,11010.57,96.18,5493.44,79.56,3707.16,81.31,2925.21,77.79,3003.59,91.6,2783.48,94.91,2465.43,77.3,5280.77,100.03,11407.19,116.0,2465.43,31.79,7476.43,96.42,15010.68,193.58
256,NE,2001,10216.13,75.79,5353.94,37.6,5349.21,37.81,4024.48,35.15,2642.69,38.27,2555.52,56.05,2072.17,55.1,1920.2,58.56,2028.95,69.18,2294.64,71.95,3595.04,68.1,6464.03,65.73,1920.2,24.76,4043.08,52.14,10216.13,131.75
257,NE,2002,16829.08,124.85,14609.51,102.61,10668.57,75.41,6936.35,60.59,3355.72,48.6,2720.17,59.67,2581.85,68.66,2026.51,61.8,1586.29,54.09,2072.57,64.99,2831.81,53.64,5517.46,56.11,1586.29,20.46,5977.99,77.09,16829.08,217.03
258,NE,2003,12269.41,91.02,13148.16,92.34,8006.15,56.59,7885.59,68.88,4145.58,60.04,3007.98,65.98,2648.71,70.43,2267.76,69.16,2071.59,70.64,1533.89,48.1,2497.02,47.3,4619.62,46.98,1533.89,19.78,5341.79,68.89,13148.16,169.56
259,NE,2004,9666.96,71.72,14893.14,104.6,20164.49,142.53,15938.15,139.22,8502.73,123.14,4511.31,98.95,3911.04,104.0,3034.1,92.53,2716.35,92.62,2709.67,84.96,3202.06,60.65,5406.63,54.98,2709.67,34.94,7888.05,101.72,20164.49,260.04
260,NE,2005,11832.74,87.78,14948.78,104.99,14561.53,102.93,12408.94,108.4,6703.86,97.09,4427.04,97.11,3571.03,94.96,2974.93,90.72,2904.39,99.04,2737.14,85.82,4062.12,76.95,13025.46,132.46,2737.14,35.3,7846.5,101.19,14948.78,192.78
261,NE,2006,12940.31,96.0,6974.03,48.98,10607.78,74.98,13373.11,116.82,7079.88,102.54,3946.67,86.57,3249.54,86.41,3034.36,92.54,2913.32,99.34,3936.62,123.43,8529.42,161.57,12069.1,122.73,2913.32,37.57,7387.85,95.27,13373.11,172.46
262,NE,2007,16845.71,124.97,21353.03,149.97,20496.71,144.88,7774.3,67.91,4634.08,67.11,3859.35,84.65,3034.79,80.7,2973.56,90.68,2224.85,75.86,1799.8,56.43,1899.21,35.97,4721.7,48.01,1799.8,23.21,7634.76,98.46,21353.03,275.37
263,NE,2008,5809.3,43.1,11415.64,80.18,13448.26,95.06,14190.69,123.96,5893.85,85.36,3381.21,74.17,2786.11,74.09,2509.35,76.53,2001.88,68.26,2188.8,68.63,2698.7,51.12,7207.52,73.29,2001.88,25.82,6127.61,79.02,14190.69,183.0
264,NE,2009,15934.13,118.21,14528.74,102.04,10524.38,74.39,13025.48,113.78,7824.72,113.32,4587.37,100.62,3698.16,98.34,2921.1,89.08,3000.09,102.3,4093.33,128.35,7832.02,148.35,7793.82,79.25,2921.1,37.67,7980.28,102.91,15934.13,205.49
265,NE,2010,10262.22,76.13,5657.04,39.73,7864.55,55.59,8440.7,73.73,3861.28,55.92,3088.0,67.73,2478.89,65.92,2095.85,63.92,2021.34,68.92,2469.72,77.44,5192.83,98.36,9223.11,93.79,2021.34,26.07,5221.3,67.33,10262.22,132.34
266,NE,2011,13137.84,97.47,9298.93,65.31,11513.4,81.38,15192.28,132.71,5887.96,85.27,3684.93,80.83,3150.78,83.78,2430.3,74.11,2180.54,74.35,2744.54,86.06,3927.04,74.39,10529.49,107.07,2180.54,28.12,6973.17,89.93,15192.28,195.92
267,NE,2012,17083.66,126.74,15403.58,108.18,6437.32,45.5,6333.09,55.32,3723.27,53.92,3616.39,79.32,2739.62,72.85,2255.0,68.77,1962.33,66.91,1671.77,52.42,4407.42,83.49,6717.39,68.31,1671.77,21.56,6029.24,77.75,17083.66,220.31
268,NE,2013,5007.06,37.15,10484.76,73.64,5334.8,37.71,8099.07,70.75,4428.39,64.14,3348.59,73.45,2549.59,67.8,2260.92,68.95,1845.63,62.93,2013.95,63.15,2615.24,49.54,8935.39,90.86,1845.63,23.8,4743.62,61.17,10484.76,135.21
269,NE,2014,10864.18,80.6,4144.08,29.11,3957.29,27.97,5263.1,45.97,3274.94,47.43,2167.4,47.54,2290.96,60.92,2116.28,64.54,1985.79,67.71,1555.84,48.78,2534.41,48.01,6532.28,66.43,1555.84,20.06,3890.55,50.17,10864.18,140.11
270,NE,2015,3918.94,29.07,4239.0,29.77,5659.67,40.0,6790.2,59.31,4283.1,62.03,2565.35,56.27,2001.36,53.22,1727.59,52.68,1379.02,47.02,1045.37,32.78,1054.5,19.97,3176.23,32.3,1045.37,13.48,3153.36,40.67,6790.2,87.57
271,NE,2016,7341.84,54.47,13749.24,96.57,4836.23,34.18,2745.22,23.98,1672.38,24.22,1460.12,32.03,1250.1,33.24,1290.5,39.36,1151.36,39.26,1330.89,41.73,2075.97,39.32,5545.42,56.39,1151.36,14.85,3704.11,47.77,13749.24,177.31
272,NE,2017,4106.31,30.46,4911.16,34.49,3512.97,24.83,2783.02,24.31,1651.27,23.91,1534.59,33.66,1268.88,33.74,1201.21,36.63,1022.29,34.86,855.3,26.82,1608.53,30.47,5849.76,59.49,855.3,11.03,2525.44,32.57,5849.76,75.44
273,NE,2018,5413.62,40.16,6754.02,47.44,8002.53,56.56,5556.62,48.54,2460.7,35.64,1731.31,37.98,1489.41,39.61,1336.04,40.74,1276.19,43.52,1415.81,44.39,3802.07,72.02,8736.37,88.84,1276.19,16.46,3997.89,51.56,8736.37,112.66
274,NE,2019,5179.26,38.42,3654.66,25.67,6240.26,44.11,6429.0,56.16,4044.06,58.57,2370.23,51.99,1872.03,49.78,1629.04,49.68,1307.96,44.6,1024.16,32.11,1297.49,24.58,4716.01,47.96,1024.16,13.21,3313.68,42.73,6429.0,82.91
275,NE,2020,6104.2,45.29,11763.36,82.62,13678.35,96.68,11753.79,102.67,5592.16,80.99,3418.92,74.99,2444.37,65.0,2198.02,67.03,1745.15,59.51,1822.48,57.14,4713.22,89.28,4517.92,45.94,1745.15,22.51,5812.66,74.96,13678.35,176.4
276,NE,2021,6103.86,45.28,6022.27,42.3,9855.85,69.66,4107.0,35.88,2683.49,38.86,1596.91,35.03,1613.65,42.91,1359.64,41.46,1265.46,43.15,1311.84,41.13,4133.94,78.31,9872.92,100.4,1265.46,16.32,4160.57,53.65,9872.92,127.32
277,NE,2022,17924.08,132.97,20879.14,146.64,17281.33,122.15,7449.16,65.07,3678.32,53.27,2856.99,62.67,2444.57,65.01,2056.07,62.7,2233.54,76.16,1911.84,59.95,4270.03,80.88,9538.84,97.0,1911.84,24.66,7710.33,99.43,20879.14,269.26
278,NE,med(1931 - 2022),13479.35,100.0,14238.3,100.0,14147.62,100.0,11447.89,100.0,6904.75,100.0,4559.02,100.0,3760.57,100.0,3279.12,100.0,2932.69,100.0,3189.27,100.0,5279.25,100.0,9833.86,100.0,2822.87,36.4,7754.31,100.0,17718.19,228.49
279,N,1931,15764.4,99.57,25975.9,113.88,33212.46,123.19,36119.34,132.99,23369.29,114.07,14843.45,138.79,6549.77,124.68,3991.72,125.35,2832.17,124.94,3281.2,137.67,5935.11,146.08,8713.41,103.54,2832.17,22.73,15049.02,120.79,36119.34,289.9
280,N,1932,15088.57,95.3,21289.35,93.33,26234.2,97.3,19063.59,70.19,11874.94,57.97,6832.85,63.89,4600.56,87.58,2757.47,86.59,2181.0,96.22,2576.94,108.12,4411.12,108.57,8255.26,98.1,2181.0,17.51,10430.49,83.72,26234.2,210.56
281,N,1933,13278.75,83.87,23010.55,100.88,25071.5,92.99,26140.19,96.24,21240.02,103.68,9826.26,91.88,4950.06,94.23,2928.32,91.96,1950.22,86.04,2109.3,88.5,5174.11,127.35,9722.36,115.53,1950.22,15.65,12116.8,97.25,26140.19,209.81
282,N,1934,15585.33,98.44,20312.13,89.05,26172.49,97.07,27131.28,99.89,22621.29,110.42,11821.45,110.54,5430.79,103.38,3142.1,98.67,1854.83,81.83,2284.51,95.85,2988.98,73.57,8486.1,100.84,1854.83,14.89,12319.27,98.88,27131.28,217.76
283,N,1935,21893.72,138.29,28608.81,125.42,30695.89,113.85,36458.89,134.24,28008.43,136.72,18520.2,173.17,7257.28,138.15,4638.13,145.65,3241.74,143.01,2831.15,118.78,4693.59,115.52,10804.17,128.39,2831.15,22.72,16471.0,132.2,36458.89,292.62
284,N,1936,18591.77,117.43,25228.06,110.6,27997.3,103.84,27461.7,101.11,17969.6,87.72,8583.66,80.26,4653.22,88.58,3105.64,97.53,2266.9,100.01,2108.12,88.45,3650.2,89.84,7919.8,94.11,2108.12,16.92,12461.33,100.02,27997.3,224.71
285,N,1937,10619.3,67.07,14601.37,64.01,18384.19,68.19,25826.08,95.09,17901.1,87.38,8929.21,83.49,5393.67,102.67,3213.55,100.92,1958.68,86.41,2278.16,95.58,4871.26,119.89,10957.34,130.21,1958.68,15.72,10411.16,83.56,25826.08,207.28
286,N,1938,18615.43,117.58,20212.18,88.61,21179.76,78.56,27096.51,99.76,21400.95,104.47,12348.31,115.46,4867.99,92.67,3042.88,95.56,2000.8,88.27,2142.49,89.89,3909.5,96.22,6620.36,78.67,2000.8,16.06,11953.1,95.94,27096.51,217.48
287,N,1939,20279.72,128.09,25473.81,111.68,23894.17,88.62,23791.55,87.6,15552.85,75.92,9310.64,87.06,5883.77,112.0,3554.25,111.61,2336.22,103.07,3135.14,131.54,5031.16,123.83,8765.46,104.16,2336.22,18.75,12250.73,98.33,25473.81,204.46
288,N,1940,17267.45,109.07,30070.72,131.83,36585.8,135.7,33080.21,121.8,24158.02,117.92,16634.67,155.54,6979.63,132.86,4184.58,131.41,2911.71,128.45,2959.44,124.17,5813.28,143.08,9903.0,117.68,2911.71,23.37,15879.04,127.45,36585.8,293.64
289,N,1941,15741.45,99.43,18104.71,79.37,24352.18,90.32,27751.79,102.18,17596.1,85.89,9068.23,84.79,4577.54,87.14,2939.72,92.32,2030.02,89.56,3133.53,131.47,6080.41,149.65,10361.38,123.12,2030.02,16.29,11811.42,94.8,27751.79,222.74
290,N,1942,13209.52,83.44,22477.58,98.54,29421.74,109.13,23891.55,87.96,18123.96,88.47,10685.27,99.91,5925.49,112.8,3484.94,109.44,2434.66,107.41,3829.65,160.68,6998.01,172.24,14500.02,172.3,2434.66,19.54,12915.2,103.66,29421.74,236.14
291,N,1943,33289.96,210.27,40570.5,177.86,38492.08,142.77,27948.22,102.9,20774.47,101.41,10435.63,97.58,6625.92,126.13,4533.91,142.38,2700.11,119.12,3457.74,145.07,6477.23,159.42,13460.07,159.95,2700.11,21.67,17397.15,139.63,40570.5,325.63
292,N,1944,16061.11,101.45,22178.4,97.23,25087.35,93.05,27210.22,100.18,21155.88,103.27,10750.08,100.52,5226.73,99.49,3104.73,97.5,2157.41,95.18,2141.03,89.83,4775.49,117.54,9561.8,113.62,2141.03,17.18,12450.85,99.93,27210.22,218.39
293,N,1945,21956.51,138.68,32894.38,144.21,30142.69,111.8,35732.02,131.56,29957.55,146.23,21054.67,196.87,7126.68,135.66,4435.27,139.28,3194.36,140.92,4448.63,186.65,8119.53,199.84,13651.74,162.22,3194.36,25.64,17726.17,142.27,35732.02,286.79
294,N,1946,17968.58,113.49,22646.13,99.28,25769.22,95.58,20531.19,75.59,16648.68,81.27,9180.15,85.84,6820.63,129.84,4180.67,131.29,2572.48,113.49,1577.53,66.19,3289.71,80.97,5444.8,64.7,1577.53,12.66,11385.82,91.38,25769.22,206.83
295,N,1947,13278.34,83.87,23446.32,102.79,29984.3,111.21,35908.18,132.21,24898.13,121.54,14655.4,137.03,5565.74,105.95,3723.7,116.94,2924.74,129.03,3437.34,144.22,6446.18,158.66,10831.1,128.71,2924.74,23.47,14591.62,117.11,35908.18,288.2
296,N,1948,17869.36,112.87,23591.0,103.42,27661.16,102.6,27672.73,101.89,18068.91,88.2,8740.52,81.73,5043.01,96.0,2921.15,91.73,2146.84,94.71,2057.19,86.31,2608.78,64.21,12950.02,153.89,2057.19,16.51,12610.89,101.22,27672.73,222.11
297,N,1949,26781.25,169.16,30099.45,131.95,29418.77,109.11,20611.95,75.89,17577.13,85.8,8804.26,82.32,5483.42,104.38,3369.34,105.81,2270.3,100.16,1870.92,78.5,3768.71,92.76,6380.41,75.82,1870.92,15.02,13036.33,104.63,30099.45,241.58
298,N,1950,9335.24,58.96,16861.48,73.92,21171.83,78.53,25832.86,95.11,22770.53,111.15,14061.0,131.48,5208.16,99.14,2810.75,88.27,1920.49,84.73,2073.98,87.02,3210.16,79.01,6587.02,78.27,1920.49,15.41,10986.96,88.18,25832.86,207.34
299,N,1951,12516.17,79.06,15696.93,68.81,18399.96,68.25,15489.38,57.03,13633.85,66.55,7927.76,74.13,5032.15,95.79,2802.17,88.0,1954.86,86.24,1629.87,68.38,2077.8,51.14,5098.41,60.58,1629.87,13.08,8521.61,68.4,18399.96,147.68
300,N,1952,9725.17,61.43,13693.56,60.03,18857.95,69.94,26104.43,96.11,21932.01,107.06,10766.1,100.67,4840.25,92.14,2847.36,89.42,2089.57,92.18,2024.75,84.95,2425.9,59.71,5989.02,71.17,2024.75,16.25,10108.01,81.13,26104.43,209.52
301,N,1953,12203.83,77.08,17420.29,76.37,18135.55,67.27,23521.13,86.6,19704.88,96.19,12776.57,119.47,4123.67,78.5,2445.57,76.8,1672.09,73.77,2924.3,122.69,4499.98,110.76,8642.19,102.7,1672.09,13.42,10672.5,85.66,23521.13,188.78
302,N,1954,12909.05,81.54,17718.46,77.68,23582.71,87.47,22635.5,83.34,19158.52,93.52,9628.28,90.03,4807.15,91.51,2780.27,87.31,1606.46,70.87,1187.43,49.82,2209.73,54.39,7103.75,84.41,1187.43,9.53,10443.94,83.82,23582.71,189.28
303,N,1955,11631.73,73.47,20999.81,92.06,20237.84,75.06,23307.01,85.81,20740.53,101.24,15808.32,147.82,4487.95,85.43,2564.95,80.55,1726.98,76.19,1803.05,75.65,3996.4,98.36,7044.02,83.7,1726.98,13.86,11195.72,89.86,23307.01,187.07
304,N,1956,13889.26,87.73,19350.09,84.83,23903.93,88.66,25085.79,92.36,21188.42,103.43,10230.93,95.66,6283.57,119.61,3979.21,124.96,2976.31,131.3,2772.37,116.32,6583.76,162.04,14259.96,169.45,2772.37,22.25,12541.97,100.66,25085.79,201.34
305,N,1957,32328.61,204.2,31926.19,139.96,39001.76,144.66,44494.52,163.82,29160.7,142.34,18495.6,172.94,7287.79,138.73,4658.41,146.29,3478.68,153.47,3200.27,134.27,3135.67,77.18,7977.78,94.8,3135.67,25.17,18762.17,150.59,44494.52,357.12
306,N,1958,12265.27,77.47,21380.23,93.73,26717.34,99.1,31754.76,116.92,24667.39,120.41,12696.65,118.72,5131.4,97.68,3311.67,104.0,2370.53,104.58,2362.12,99.1,3280.58,80.74,6001.8,71.32,2362.12,18.96,12661.65,101.62,31754.76,254.87
307,N,1959,18624.16,117.64,27592.51,120.96,29779.12,110.45,28644.52,105.46,22444.41,109.56,11394.8,106.55,5879.84,111.93,3226.06,101.31,2273.33,100.29,1721.24,72.22,2937.31,72.29,6160.1,73.2,1721.24,13.81,13389.78,107.47,29779.12,239.01
308,N,1960,8981.85,56.73,20699.47,90.74,27334.67,101.38,30254.11,111.39,22531.32,109.98,13298.69,124.35,5450.47,103.75,3084.41,96.86,2058.4,90.81,1850.69,77.65,4461.53,109.81,8927.0,106.08,1850.69,14.85,12411.05,99.61,30254.11,242.82
309,N,1961,15878.71,100.29,28138.69,123.36,29654.21,109.99,18065.22,66.51,13933.84,68.02,8246.47,77.11,4904.95,93.37,2911.79,91.44,1899.86,83.81,1416.93,59.45,2640.76,65.0,4366.25,51.88,1416.93,11.37,11004.81,88.33,29654.21,238.01
310,N,1962,8426.28,53.22,14679.08,64.35,20454.49,75.87,24070.23,88.62,15640.32,76.35,6950.76,64.99,3751.78,71.42,3099.5,97.33,1979.01,87.31,1843.87,77.36,3292.42,81.04,7107.78,84.46,1843.87,14.8,9274.63,74.44,24070.23,193.19
311,N,1963,16280.19,102.83,20392.93,89.4,24229.14,89.87,17049.95,62.78,16147.18,78.82,8815.76,82.43,4813.19,91.62,2915.92,91.57,2014.66,88.88,1479.24,62.06,2152.08,52.97,3745.23,44.5,1479.24,11.87,10002.96,80.29,24229.14,194.47
312,N,1964,22449.55,141.8,31227.24,136.9,30584.94,113.44,28675.35,105.58,22394.41,109.32,15390.8,143.91,5343.66,101.72,3097.04,97.26,2069.39,91.29,2656.94,111.47,4391.32,108.08,9718.32,115.48,2069.39,16.61,14833.25,119.05,31227.24,250.63
313,N,1965,12053.87,76.14,21224.88,93.05,25286.2,93.79,31181.04,114.8,24238.77,118.32,11072.88,103.54,5349.99,101.84,3301.0,103.66,2646.87,116.77,2551.31,107.04,3932.06,96.78,8699.06,103.37,2551.31,20.48,12628.16,101.36,31181.04,250.26
314,N,1966,10560.4,66.7,20417.96,89.51,22395.81,83.07,26970.79,99.3,21279.87,103.87,10245.0,95.8,5535.55,105.37,3220.79,101.14,2216.15,97.77,2466.72,103.49,3899.0,95.96,6498.72,77.22,2216.15,17.79,11308.9,90.77,26970.79,216.47
315,N,1967,11625.33,73.43,15470.3,67.82,19223.5,71.3,29714.07,109.4,23395.85,114.2,16513.44,154.41,5017.82,95.52,2873.97,90.25,2086.3,92.04,1874.61,78.65,3117.82,76.74,6527.88,77.57,1874.61,15.05,11453.41,91.93,29714.07,238.49
316,N,1968,10609.38,67.01,14914.95,65.39,29841.21,110.68,30020.82,110.53,20668.02,100.89,9438.75,88.26,4998.25,95.15,2846.89,89.4,2133.35,94.12,1963.11,82.36,3190.78,78.53,12928.4,153.63,1963.11,15.76,11962.83,96.02,30020.82,240.95
317,N,1969,14173.51,89.52,19301.89,84.62,23880.62,88.57,21351.78,78.61,16738.61,81.71,8330.27,77.89,3969.4,75.56,2495.31,78.36,1742.41,76.87,1678.23,70.41,2463.57,60.63,5532.39,65.74,1678.23,13.47,10138.17,81.37,23880.62,191.67
318,N,1970,12718.83,80.34,20803.55,91.2,30959.16,114.83,22273.32,82.01,18743.77,91.5,7457.65,69.73,4011.02,76.35,2657.82,83.46,1928.05,85.06,2103.33,88.25,4315.35,106.21,4619.89,54.9,1928.05,15.47,11049.31,88.68,30959.16,248.48
319,N,1971,5318.4,33.59,10105.08,44.3,14015.51,51.98,19521.71,71.88,16013.86,78.17,9114.68,85.23,4847.31,92.27,2831.33,88.91,1923.17,84.84,2004.76,84.11,5285.95,130.1,9093.28,108.06,1923.17,15.44,8339.59,66.93,19521.71,156.68
320,N,1972,10660.43,67.33,18300.67,80.23,24244.94,89.93,22543.76,83.0,17246.22,84.19,7596.52,71.03,4109.84,78.23,2437.98,76.56,1805.99,79.67,1723.06,72.29,2543.39,62.6,5093.09,60.52,1723.06,13.83,9858.83,79.13,24244.94,194.59
321,N,1973,11616.26,73.37,13077.06,57.33,22537.69,83.59,28071.7,103.36,23130.89,112.91,10748.68,100.51,5752.64,109.51,3789.64,119.01,2394.54,105.64,3182.28,133.51,5985.63,147.32,11785.43,140.05,2394.54,19.22,11839.37,95.02,28071.7,225.31
322,N,1974,14541.99,91.85,25969.85,113.85,33064.21,122.64,36703.79,135.14,33104.05,161.59,20303.82,189.85,8400.24,159.9,4676.23,146.85,3434.22,151.51,3341.56,140.2,4191.28,103.16,8061.34,95.79,3341.56,26.82,16316.05,130.96,36703.79,294.59
323,N,1975,13251.13,83.7,25416.96,111.43,25984.06,96.38,29613.0,109.03,25808.42,125.98,12973.23,121.31,6718.23,127.89,3994.59,125.44,2724.67,120.2,2246.75,94.26,3424.48,84.29,5912.99,70.26,2246.75,18.03,13172.38,105.72,29613.0,237.68
324,N,1976,10396.37,65.67,17313.08,75.9,22898.39,84.93,20732.28,76.33,15778.64,77.02,8539.61,79.85,4729.14,90.02,2683.33,84.26,1954.59,86.23,2755.48,115.61,4775.79,117.54,10186.59,121.05,1954.59,15.69,10228.61,82.1,22898.39,183.79
325,N,1977,16051.56,101.39,30522.52,133.81,28264.33,104.83,25241.15,92.93,27320.79,133.36,14486.19,135.45,7126.93,135.67,3743.08,117.54,2517.21,111.05,3270.08,137.2,5186.03,127.64,8624.51,102.49,2517.21,20.2,14362.87,115.28,30522.52,244.98
326,N,1978,27464.1,173.47,28009.68,122.79,38095.05,141.3,32460.3,119.51,26984.64,131.72,14469.2,135.29,7124.65,135.62,4641.6,145.76,3129.73,138.07,3150.86,132.2,3768.26,92.75,7711.01,91.63,3129.73,25.12,16417.43,131.77,38095.05,305.76
327,N,1979,19395.47,122.51,38368.02,168.2,37084.08,137.55,30008.88,110.49,19413.9,94.77,9319.67,87.14,5206.85,99.12,3610.77,113.39,3426.43,151.16,3491.17,146.47,4947.16,121.76,6627.88,78.76,3426.43,27.5,15075.02,120.99,38368.02,307.95
328,N,1980,17457.91,110.27,36858.34,161.58,46078.52,170.91,35357.43,130.18,18580.0,90.7,8808.25,82.36,5333.61,101.53,3653.0,114.72,2928.19,129.18,2962.35,124.29,4195.77,103.27,10816.5,128.53,2928.19,23.5,16085.82,129.11,46078.52,369.83
329,N,1981,22738.93,143.63,27666.68,121.29,21901.86,81.23,27574.83,101.53,16438.16,80.24,7750.23,72.47,4728.26,90.01,3308.98,103.91,2671.19,117.84,2535.24,106.37,5665.36,139.44,11217.03,133.29,2535.24,20.35,12849.73,103.13,27666.68,222.06
330,N,1982,22629.32,142.93,34549.42,151.46,33403.0,123.89,31849.02,117.26,24715.15,120.64,11648.86,108.92,5990.51,114.03,3804.71,119.48,2975.78,131.28,3596.47,150.89,3823.45,94.11,4587.7,54.52,2975.78,23.88,15297.78,122.78,34549.42,277.3
331,N,1983,10753.46,67.92,30220.14,132.48,27015.15,100.2,26685.25,98.25,12678.67,61.89,6233.26,58.28,3720.61,70.82,2780.98,87.33,2256.82,99.56,2555.29,107.21,4335.14,106.7,8952.13,106.38,2256.82,18.11,11515.58,92.43,30220.14,242.55
332,N,1984,13338.29,84.25,15835.86,69.42,19785.41,73.38,27589.78,101.58,23671.5,115.55,10239.5,95.74,4963.83,94.49,3019.38,94.82,2740.87,120.92,2647.7,111.09,4174.59,102.75,5536.89,65.8,2647.7,21.25,11128.63,89.32,27589.78,221.44
333,N,1985,16741.83,105.75,32310.2,141.65,31766.9,117.82,34377.85,126.57,28791.51,140.54,14405.45,134.7,6699.22,127.52,4034.64,126.7,2735.69,120.69,3305.67,138.69,5909.33,145.44,13729.25,163.15,2735.69,21.96,16233.96,130.3,34377.85,275.92
334,N,1986,31708.61,200.28,29840.88,130.82,31772.39,117.84,29115.11,107.2,21533.73,105.11,10442.97,97.65,5798.54,110.38,3496.71,109.81,2805.87,123.78,4151.17,174.17,6089.92,149.89,6913.28,82.15,2805.87,22.52,15305.77,122.85,31772.39,255.01
335,N,1987,11359.78,71.75,13097.01,57.42,24603.2,91.25,24093.98,88.71,14502.81,70.79,6548.74,61.23,3735.75,71.11,2493.67,78.31,1965.75,86.72,2203.28,92.44,2996.8,73.76,7679.23,91.25,1965.75,15.78,9606.67,77.1,24603.2,197.47
336,N,1988,14575.9,92.07,18319.39,80.31,28613.46,106.13,29100.86,107.14,24153.71,117.9,10951.86,102.4,5679.01,108.1,3317.49,104.18,2435.07,107.43,2506.48,105.16,4379.62,107.79,12706.9,151.0,2435.07,19.54,13061.65,104.83,29100.86,233.57
337,N,1989,20184.15,127.49,21577.89,94.6,27114.58,100.57,30113.63,110.87,22972.92,112.14,12969.1,121.27,7140.64,135.93,4163.09,130.73,3057.24,134.87,3004.21,126.04,6253.66,153.92,21022.4,249.81,3004.21,24.11,14964.46,120.11,30113.63,241.7
338,N,1990,34700.84,219.18,25090.84,110.0,31050.83,115.17,25973.13,95.63,16127.3,78.72,8418.56,78.72,5032.24,95.79,3401.96,106.83,2754.14,121.5,2834.76,118.93,3558.11,87.57,5374.38,63.86,2754.14,22.11,13693.09,109.9,34700.84,278.51
339,N,1991,13791.67,87.11,23483.11,102.95,25788.61,95.65,30955.14,113.97,26186.89,127.83,13799.01,129.03,6205.49,118.13,3904.66,122.62,2700.77,119.15,2612.08,109.59,3637.81,89.54,6740.52,80.1,2612.08,20.96,13317.15,106.89,30955.14,248.45
340,N,1992,11982.37,75.68,32594.23,142.89,27638.75,102.51,27102.53,99.79,16888.18,82.44,7337.71,68.61,3963.19,75.44,2742.92,86.14,2417.74,106.66,2778.6,116.58,4611.25,113.5,12320.28,146.4,2417.74,19.41,12698.15,101.92,32594.23,261.61
341,N,1993,17391.76,109.85,19824.64,86.91,25737.06,95.46,21562.06,79.39,15446.43,75.4,7036.71,65.8,3936.64,74.94,2640.84,82.93,2406.67,106.17,2644.23,110.94,3435.98,84.57,6097.36,72.46,2406.67,19.32,10680.03,85.72,25737.06,206.57
342,N,1994,19409.14,122.59,26607.31,116.64,33090.03,122.73,31128.35,114.61,21800.62,106.42,10851.08,101.46,6708.43,127.7,3790.04,119.02,2749.38,121.29,2648.67,111.13,2910.59,71.64,7538.02,89.57,2648.67,21.26,14102.64,113.19,33090.03,265.59
343,N,1995,18953.38,119.72,26376.7,115.63,27498.22,101.99,30263.47,111.42,28568.32,139.45,18040.88,168.69,7591.88,144.52,4135.84,129.88,2664.38,117.54,2417.47,101.43,3792.38,93.34,9620.58,114.32,2417.47,19.4,14993.63,120.34,30263.47,242.9
344,N,1996,18530.79,117.05,18927.56,82.98,24044.67,89.18,25037.75,92.18,22361.54,109.16,10284.81,96.17,5652.57,107.6,3524.03,110.67,2400.46,105.9,2595.9,108.91,4329.27,106.55,6660.8,79.15,2400.46,19.27,12029.18,96.55,25037.75,200.96
345,N,1997,15418.1,97.39,24825.39,108.83,30433.82,112.88,37007.87,136.26,29187.72,142.48,11359.73,106.22,5951.52,113.29,3635.18,114.16,2694.12,118.85,2603.38,109.23,2936.88,72.28,5242.06,62.29,2603.38,20.9,14274.65,114.57,37007.87,297.03
346,N,1998,9135.86,57.7,12609.68,55.28,18060.51,66.99,12612.35,46.44,8873.14,43.31,4503.58,42.11,2894.42,55.1,1705.54,53.56,1497.98,66.09,1501.94,63.02,3145.73,77.42,7534.23,89.53,1497.98,12.02,7006.25,56.23,18060.51,144.96
347,N,1999,13112.48,82.82,13622.4,59.72,21624.1,80.2,16924.55,62.31,16229.66,79.22,8188.81,76.57,4008.95,76.31,2443.27,76.73,1846.75,81.47,2039.92,85.59,3679.51,90.56,9403.84,111.75,1846.75,14.82,9427.02,75.66,21624.1,173.56
348,N,2000,22619.06,142.87,28130.17,123.32,33628.38,124.73,31222.23,114.95,22868.84,111.63,9259.57,86.58,5605.63,106.71,3547.92,111.42,2670.01,117.79,2931.59,123.0,5079.83,125.03,12803.57,152.15,2670.01,21.43,15030.57,120.64,33628.38,269.91
349,N,2001,18024.98,113.85,20289.26,88.95,25185.36,93.41,25399.34,93.52,14967.17,73.06,9114.07,85.22,5017.14,95.5,2883.48,90.55,2044.58,90.2,2287.36,95.97,3793.04,93.36,9505.77,112.96,2044.58,16.41,11542.63,92.64,25399.34,203.86
350,N,2002,27404.85,173.1,26995.24,118.35,22799.26,84.56,21795.44,80.25,12713.63,62.06,7126.28,66.63,3415.96,65.03,2138.31,67.15,1588.43,70.08,1734.68,72.78,2742.94,67.51,4112.27,48.87,1588.43,12.75,11213.94,90.0,27404.85,219.96
351,N,2003,7230.26,45.67,13351.08,58.53,23125.8,85.77,28146.72,103.63,16700.7,81.52,6884.05,64.37,4160.64,79.2,3339.8,104.88,1930.32,85.16,1860.39,78.05,3792.64,93.35,7096.44,84.33,1860.39,14.93,9801.57,78.67,28146.72,225.91
352,N,2004,13997.21,88.41,32102.19,140.73,37397.78,138.71,35184.25,129.54,22923.1,111.9,9837.34,91.98,5340.77,101.67,3385.13,106.3,2390.49,105.46,2334.95,97.96,3826.58,94.18,6240.65,74.16,2334.95,18.74,14580.04,117.02,37397.78,300.16
353,N,2005,11344.56,71.66,21880.63,95.92,31262.86,115.95,29159.6,107.36,21971.27,107.25,8941.77,83.61,4597.53,87.52,2504.98,78.66,1744.53,76.96,1830.58,76.8,2507.77,61.72,9116.0,108.33,1744.53,14.0,12238.51,98.23,31262.86,250.92
354,N,2006,18879.8,119.25,20512.95,89.93,25707.22,95.35,33755.63,124.28,30302.71,147.92,16013.7,149.74,6479.14,123.34,3473.92,109.09,2250.0,99.26,2614.87,109.71,5514.5,135.73,7339.63,87.22,2250.0,18.06,14403.67,115.61,33755.63,270.93
355,N,2007,10530.26,66.51,24872.17,109.04,29504.94,109.43,24068.42,88.62,14416.54,70.37,7157.09,66.92,3911.2,74.45,2501.29,78.55,1714.3,75.63,1591.64,66.78,1863.04,45.85,4475.48,53.18,1591.64,12.77,10550.53,84.68,29504.94,236.81
356,N,2008,8435.18,53.28,19166.71,84.03,27859.12,103.33,31031.03,114.25,25118.21,122.61,10654.73,99.63,4931.31,93.87,2921.46,91.74,2031.47,89.62,1963.66,82.39,2478.99,61.01,8493.6,100.93,1963.66,15.76,12090.46,97.04,31031.03,249.06
357,N,2009,14285.71,90.23,21400.51,93.82,26426.53,98.02,28264.16,104.06,32223.88,157.3,19562.62,182.92,7527.63,143.29,3744.24,117.58,2654.38,117.1,3017.33,126.59,5680.42,139.81,9856.67,117.13,2654.38,21.3,14553.67,116.81,32223.88,258.63
358,N,2010,18856.6,119.1,21878.03,95.91,21800.67,80.86,26521.3,97.65,14655.33,71.54,7175.57,67.09,3977.09,75.71,2728.88,85.7,1821.22,80.35,1782.47,74.78,3292.67,81.04,7028.05,83.51,1782.47,14.31,10959.82,87.97,26521.3,212.86
359,N,2011,16051.37,101.39,25363.64,111.19,32855.99,121.86,32614.94,120.08,26451.45,129.12,10752.7,100.54,5644.0,107.44,3195.81,100.36,2077.44,91.65,2455.52,103.02,6122.3,150.69,11513.24,136.81,2077.44,16.67,14591.53,117.11,32855.99,263.71
360,N,2012,23422.09,147.94,29190.3,127.97,28593.69,106.05,22522.87,82.93,13136.59,64.12,7518.97,70.31,4492.92,85.53,2485.88,78.06,1792.26,79.07,1738.2,72.93,3235.13,79.62,7813.1,92.84,1738.2,13.95,12161.83,97.61,29190.3,234.29
361,N,2013,11061.21,69.87,24557.43,107.66,24846.85,92.16,25792.12,94.96,21975.22,107.27,9929.52,92.85,5228.27,99.52,3207.34,100.72,2229.92,98.38,2168.07,90.96,4352.79,107.13,9424.44,111.99,2168.07,17.4,12064.43,96.83,25792.12,207.01
362,N,2014,17649.66,111.48,25847.36,113.31,31801.47,117.95,29448.27,108.42,22399.36,109.34,10949.57,102.38,5762.84,109.7,3233.92,101.56,2252.09,99.35,2199.4,92.28,3375.07,83.07,7327.64,87.07,2199.4,17.65,13520.55,108.52,31801.47,255.24
363,N,2015,10660.39,67.33,13851.57,60.72,20379.86,75.59,22856.95,84.16,21328.69,104.11,10232.81,95.68,4898.94,93.25,2699.13,84.76,1634.17,72.09,1472.48,61.78,1762.07,43.37,2145.56,25.5,1472.48,11.82,9493.55,76.2,22856.95,183.45
364,N,2016,6296.92,39.77,13304.96,58.33,13006.46,48.24,12791.87,47.1,7665.8,37.42,3680.09,34.41,2201.79,41.91,1274.63,40.03,1147.39,50.62,1355.69,56.88,2291.46,56.4,5350.3,63.58,1147.39,9.21,5863.95,47.06,13304.96,106.79
365,N,2017,9245.1,58.39,21694.33,95.11,25557.16,94.79,23024.62,84.77,13370.58,65.27,6492.16,60.7,3093.63,58.89,1730.65,54.35,1196.59,52.79,1051.93,44.13,2096.98,51.61,6452.29,76.67,1051.93,8.44,9583.84,76.92,25557.16,205.13
366,N,2018,9951.95,62.86,22406.43,98.23,26567.25,98.54,27998.98,103.09,16571.63,80.89,7316.87,68.42,3779.47,71.94,2242.76,70.43,1651.08,72.84,1428.58,59.94,2801.19,68.94,9302.07,110.54,1428.58,11.47,11001.52,88.3,27998.98,224.72
367,N,2019,12401.6,78.33,14996.58,65.74,23107.44,85.71,27194.6,100.13,18902.86,92.27,9330.5,87.24,4484.5,85.37,2485.11,78.04,1557.59,68.72,1763.29,73.98,2610.06,64.24,4428.24,52.62,1557.59,12.5,10271.86,82.44,27194.6,218.27
368,N,2020,9561.08,60.39,17319.03,75.93,29823.55,110.62,30874.25,113.67,24203.46,118.15,11391.67,106.52,4967.47,94.56,2421.7,76.05,1760.93,77.69,1362.86,57.18,3485.2,85.78,4749.6,56.44,1362.86,10.94,11826.73,94.92,30874.25,247.8
369,N,2021,8539.9,53.94,16646.38,72.98,29862.88,110.76,24188.15,89.06,18217.71,88.93,7815.25,73.08,4270.05,81.28,2491.04,78.23,1813.39,80.0,2060.31,86.44,6020.97,148.19,15771.48,187.41,1813.39,14.55,11474.79,92.1,29862.88,239.68
370,N,2022,35161.61,222.09,30797.78,135.02,32736.95,121.42,29655.4,109.19,17111.12,83.53,8829.1,82.56,4572.82,87.05,2738.88,86.01,1762.55,77.76,1718.18,72.09,3840.65,94.53,10252.88,121.84,1718.18,13.79,14931.49,119.84,35161.61,282.21
371,N,med(1931 - 2022),15832.05,100.0,22810.62,100.0,26961.26,100.0,27160.4,100.0,20486.04,100.0,10694.65,100.0,5253.28,100.0,3184.4,100.0,2266.73,100.0,2383.47,100.0,4062.95,100.0,8415.35,100.0,2170.58,17.42,12459.27,100.0,29360.15,235.65
